<DATE>	<OPEN>	<HIGH>	<LOW>	<CLOSE>	<TICKVOL>	<VOL>	<SPREAD>
2000.01.02	1.00730	1.04150	1.00540	1.02980	33463	0	50
2000.01.09	1.02860	1.03700	1.01140	1.01220	32063	0	50
2000.01.16	1.01290	1.01930	1.00500	1.00870	33260	0	50
2000.01.23	1.00280	1.00960	0.97360	0.97490	33667	0	50
2000.01.30	0.97730	0.99470	0.96670	0.98400	34912	0	50
2000.02.06	0.98320	0.99710	0.97540	0.98840	33364	0	50
2000.02.13	0.98770	0.99580	0.97630	0.98450	30764	0	50
2000.02.20	0.98540	1.00890	0.97220	0.97460	30570	0	50
2000.02.27	0.97280	0.98720	0.94010	0.96070	37397	0	50
2000.03.05	0.95670	0.96980	0.95210	0.96390	35087	0	50
2000.03.12	0.96270	0.97400	0.95900	0.97290	33358	0	50
2000.03.19	0.97250	0.97850	0.95730	0.97850	33031	0	50
2000.03.26	0.97740	0.97900	0.94780	0.95520	35143	0	50
2000.04.02	0.95620	0.97490	0.95020	0.95450	33245	0	50
2000.04.09	0.95480	0.96490	0.95100	0.96280	35422	0	50
2000.04.16	0.96480	0.96790	0.93530	0.93830	31168	0	50
2000.04.23	0.93820	0.94510	0.90300	0.91170	31154	0	50
2000.04.30	0.91200	0.91750	0.88470	0.89690	31562	0	50
2000.05.07	0.89650	0.92010	0.89140	0.91850	34255	0	50
2000.05.14	0.91790	0.91900	0.88440	0.89700	31144	0	50
2000.05.21	0.89740	0.93360	0.89520	0.93150	33390	0	50
2000.05.28	0.93280	0.94980	0.92380	0.94580	30688	0	50
2000.06.04	0.94570	0.97000	0.94110	0.95330	32686	0	50
2000.06.11	0.95370	0.96600	0.94900	0.96430	29981	0	50
2000.06.18	0.96370	0.96930	0.93380	0.93620	31295	0	50
2000.06.25	0.93620	0.96030	0.92960	0.95230	30959	0	50
2000.07.02	0.95240	0.95990	0.94580	0.94790	30532	0	50
2000.07.09	0.94850	0.95660	0.93170	0.93830	30886	0	50
2000.07.16	0.93840	0.94010	0.91920	0.93620	31064	0	50
2000.07.23	0.93640	0.94500	0.92210	0.92250	29544	0	50
2000.07.30	0.92380	0.92940	0.89980	0.90810	29282	0	50
2000.08.06	0.90730	0.91400	0.89630	0.90360	28473	0	50
2000.08.13	0.90390	0.91840	0.90000	0.90680	29749	0	50
2000.08.20	0.90700	0.90790	0.89090	0.90220	30205	0	50
2000.08.27	0.90240	0.90450	0.88410	0.90030	27946	0	50
2000.09.03	0.90020	0.90400	0.86350	0.86650	33063	0	50
2000.09.10	0.86410	0.87250	0.85220	0.85220	36644	0	50
2000.09.17	0.85210	0.90080	0.84390	0.87650	35145	0	50
2000.09.24	0.87970	0.88860	0.87120	0.88420	33169	0	50
2000.10.01	0.88410	0.88580	0.86650	0.86820	28685	0	50
2000.10.08	0.86850	0.87680	0.85280	0.85640	29988	0	50
2000.10.15	0.85570	0.85730	0.83260	0.84200	34255	0	50
2000.10.22	0.84150	0.84430	0.82270	0.83870	35857	0	50
2000.10.29	0.84110	0.87960	0.83830	0.86740	39867	0	50
2000.11.05	0.86620	0.87320	0.85160	0.86060	40228	0	50
2000.11.12	0.86210	0.86650	0.84720	0.84780	35445	0	50
2000.11.19	0.84880	0.85360	0.83720	0.83810	34716	0	50
2000.11.26	0.83940	0.87980	0.83870	0.87920	37044	0	50
2000.12.03	0.87870	0.89760	0.87540	0.88780	41089	0	50
2000.12.10	0.88130	0.90020	0.87150	0.89570	40485	0	50
2000.12.17	0.89460	0.92620	0.88790	0.92320	41809	0	50
2000.12.24	0.92300	0.94300	0.91970	0.94240	31570	0	50
2000.12.31	0.94210	0.95960	0.92620	0.95750	35878	0	50
2001.01.07	0.95840	0.95920	0.93620	0.95190	41008	0	50
2001.01.14	0.95240	0.95270	0.92880	0.93420	39694	0	50
2001.01.21	0.93470	0.94520	0.91150	0.92460	40090	0	50
2001.01.28	0.92390	0.94450	0.91430	0.93620	38775	0	50
2001.02.04	0.93530	0.94410	0.91320	0.92430	39818	0	50
2001.02.11	0.92550	0.93310	0.90260	0.91480	37124	0	50
2001.02.18	0.91310	0.92410	0.90140	0.91930	40286	0	50
2001.02.25	0.91740	0.93820	0.90770	0.93630	40424	0	50
2001.03.04	0.93640	0.93750	0.92520	0.93310	37297	0	50
2001.03.11	0.93210	0.93440	0.89150	0.89700	48195	0	50
2001.03.18	0.89700	0.91270	0.88340	0.88900	43034	0	50
2001.03.25	0.88970	0.89930	0.87490	0.87550	43512	0	50
2001.04.01	0.87430	0.90930	0.87320	0.90400	44657	0	50
2001.04.08	0.90420	0.90500	0.88090	0.88820	41036	0	50
2001.04.15	0.88860	0.90480	0.87060	0.90290	42739	0	50
2001.04.22	0.90150	0.90830	0.88870	0.89220	43840	0	50
2001.04.29	0.89140	0.90090	0.88500	0.89260	41728	0	50
2001.05.06	0.89260	0.89370	0.87360	0.87520	41612	0	50
2001.05.13	0.87600	0.88810	0.87250	0.88170	41088	0	50
2001.05.20	0.87990	0.88200	0.84940	0.86140	41961	0	50
2001.05.27	0.86020	0.86140	0.84310	0.84810	39544	0	50
2001.06.03	0.84680	0.85690	0.84240	0.85080	38215	0	50
2001.06.10	0.85000	0.86740	0.84100	0.86150	38669	0	50
2001.06.17	0.86290	0.86440	0.84950	0.85760	38442	0	50
2001.06.24	0.85680	0.86610	0.84300	0.84970	42954	0	50
2001.07.01	0.85030	0.85090	0.83460	0.84800	47585	0	50
2001.07.08	0.84690	0.86440	0.84440	0.85450	43451	0	50
2001.07.15	0.85400	0.87880	0.84880	0.87140	44133	0	50
2001.07.22	0.87050	0.88250	0.86490	0.87760	44682	0	50
2001.07.29	0.87770	0.88780	0.87210	0.88430	43319	0	50
2001.08.05	0.88300	0.89620	0.87370	0.89300	42225	0	50
2001.08.12	0.89370	0.92020	0.89200	0.91810	46829	0	50
2001.08.19	0.91760	0.92410	0.90760	0.91480	45703	0	50
2001.08.26	0.91450	0.92000	0.90260	0.91250	45714	0	50
2001.09.02	0.90940	0.91050	0.88240	0.90760	46119	0	50
2001.09.09	0.90600	0.92510	0.89540	0.92050	49119	0	50
2001.09.16	0.92360	0.93350	0.90840	0.91440	47596	0	50
2001.09.23	0.91340	0.92500	0.90780	0.91140	45489	0	50
2001.09.30	0.91030	0.92350	0.90590	0.91870	46436	0	50
2001.10.07	0.91910	0.92460	0.89890	0.91130	43456	0	50
2001.10.14	0.91170	0.91410	0.89650	0.89900	43817	0	50
2001.10.21	0.89850	0.90040	0.88670	0.89230	42273	0	50
2001.10.28	0.89220	0.91210	0.89210	0.90400	44989	0	50
2001.11.04	0.90150	0.90490	0.88880	0.89340	44710	0	50
2001.11.11	0.89440	0.90160	0.87700	0.88430	42772	0	50
2001.11.18	0.88430	0.88550	0.87350	0.87820	42389	0	50
2001.11.25	0.87780	0.89830	0.87690	0.89560	44966	0	50
2001.12.02	0.89560	0.89700	0.88460	0.89180	46388	0	50
2001.12.09	0.88940	0.90550	0.88400	0.90260	45216	0	50
2001.12.16	0.90350	0.90830	0.88540	0.88890	50169	0	50
2001.12.23	0.88880	0.89100	0.87410	0.88530	39164	0	50
2001.12.30	0.88410	0.90690	0.88240	0.89480	38595	0	50
2002.01.06	0.89500	0.89980	0.88640	0.89220	46661	0	50
2002.01.13	0.89450	0.89560	0.87930	0.88450	47193	0	50
2002.01.20	0.88400	0.88920	0.86310	0.86440	47052	0	50
2002.01.27	0.86450	0.86770	0.85620	0.86220	46799	0	50
2002.02.03	0.86150	0.87560	0.86050	0.87220	42645	0	50
2002.02.10	0.87080	0.88030	0.86800	0.87300	42795	0	50
2002.02.17	0.87320	0.87850	0.86630	0.87520	41263	0	50
2002.02.24	0.87530	0.87590	0.86150	0.86580	43802	0	50
2002.03.03	0.86470	0.88430	0.86310	0.87340	45750	0	50
2002.03.10	0.87370	0.88700	0.87030	0.88300	43020	0	50
2002.03.17	0.88120	0.88620	0.87490	0.87800	42667	0	50
2002.03.24	0.87730	0.87980	0.86980	0.87190	40958	0	50
2002.03.31	0.87160	0.88590	0.87140	0.87850	42081	0	50
2002.04.07	0.87910	0.88500	0.87330	0.88090	42942	0	50
2002.04.14	0.87970	0.89290	0.87880	0.89220	42605	0	50
2002.04.21	0.88940	0.90260	0.88580	0.90150	40799	0	50
2002.04.28	0.90130	0.91780	0.89880	0.91730	40893	0	50
2002.05.05	0.91640	0.91930	0.90360	0.91400	43174	0	50
2002.05.12	0.91290	0.92240	0.89940	0.92110	44283	0	50
2002.05.19	0.92060	0.92800	0.91610	0.92030	46344	0	50
2002.05.26	0.92050	0.94160	0.91820	0.93370	45189	0	50
2002.06.02	0.93300	0.94900	0.93020	0.94260	46182	0	50
2002.06.09	0.94310	0.95240	0.93870	0.94540	44902	0	50
2002.06.16	0.94510	0.97220	0.94110	0.97050	45192	0	50
2002.06.23	0.96990	0.99920	0.96610	0.99110	51464	0	50
2002.06.30	0.99140	0.99730	0.97140	0.97300	45889	0	50
2002.07.07	0.97450	0.99710	0.97410	0.99060	49424	0	50
2002.07.14	0.99160	1.02100	0.99130	1.01170	52126	0	50
2002.07.21	1.01120	1.01350	0.98440	0.98590	51230	0	50
2002.07.28	0.98730	0.99190	0.97260	0.98590	49673	0	50
2002.08.04	0.98650	0.98760	0.96210	0.96980	50494	0	50
2002.08.11	0.97020	0.98940	0.96890	0.98700	47971	0	50
2002.08.18	0.98440	0.98730	0.96640	0.97240	44859	0	50
2002.08.25	0.97320	0.98880	0.96840	0.98150	42330	0	50
2002.09.01	0.98240	0.99930	0.97960	0.98080	45369	0	50
2002.09.08	0.98170	0.98440	0.96980	0.97130	47696	0	50
2002.09.15	0.97080	0.98780	0.96080	0.98260	50436	0	50
2002.09.22	0.98080	0.98590	0.97270	0.97920	46909	0	50
2002.09.29	0.98110	0.99120	0.97810	0.97940	43960	0	50
2002.10.06	0.97880	0.99310	0.97650	0.98750	44740	0	50
2002.10.13	0.98740	0.98950	0.96970	0.97250	45825	0	50
2002.10.20	0.97220	0.98030	0.96870	0.97630	43268	0	50
2002.10.27	0.97620	1.00060	0.97250	0.99660	45322	0	50
2002.11.03	0.99640	1.01540	0.99310	1.01340	45491	0	50
2002.11.10	1.01270	1.01730	1.00100	1.00980	47382	0	50
2002.11.17	1.01020	1.01430	0.99610	0.99690	46443	0	50
2002.11.24	0.99680	0.99710	0.98770	0.99380	42655	0	50
2002.12.01	0.99280	1.01290	0.98600	1.00910	46152	0	50
2002.12.08	1.01010	1.02620	1.00590	1.02420	45639	0	50
2002.12.15	1.02300	1.03350	1.01940	1.02740	48604	0	50
2002.12.22	1.02640	1.04470	1.02180	1.04430	35929	0	50
2002.12.29	1.04190	1.05070	1.03350	1.04280	35322	0	50
2003.01.05	1.04200	1.05880	1.03590	1.05730	47420	0	50
2003.01.12	1.05790	1.06820	1.05020	1.06730	48256	0	50
2003.01.19	1.06580	1.08570	1.06310	1.08310	53514	0	50
2003.01.26	1.08390	1.09100	1.07220	1.07710	50827	0	50
2003.02.02	1.07890	1.09380	1.06910	1.08210	50529	0	50
2003.02.09	1.08170	1.08610	1.06640	1.07930	50127	0	50
2003.02.16	1.07730	1.08500	1.06640	1.07670	48629	0	50
2003.02.23	1.07230	1.08390	1.07060	1.08060	48155	0	50
2003.03.02	1.07790	1.10690	1.07680	1.10070	49946	0	50
2003.03.09	1.10060	1.10870	1.06910	1.07480	49181	0	50
2003.03.16	1.07830	1.08450	1.05020	1.05290	53604	0	50
2003.03.23	1.05860	1.08050	1.05660	1.07810	50015	0	50
2003.03.30	1.07970	1.09610	1.06840	1.07340	51703	0	50
2003.04.06	1.06720	1.08320	1.05590	1.07560	50288	0	50
2003.04.13	1.07450	1.09770	1.07170	1.08790	45944	0	50
2003.04.20	1.08980	1.10510	1.08210	1.10370	45140	0	50
2003.04.27	1.10370	1.12880	1.09300	1.12300	47545	0	50
2003.05.04	1.12270	1.15410	1.12040	1.14890	66169	0	50
2003.05.11	1.15310	1.16290	1.13710	1.15970	56522	0	50
2003.05.18	1.16730	1.18460	1.16020	1.18420	55075	0	50
2003.05.25	1.18320	1.19310	1.16910	1.17850	53182	0	50
2003.06.01	1.17200	1.18900	1.16310	1.17010	56733	0	50
2003.06.08	1.17080	1.18820	1.16590	1.18740	54384	0	50
2003.06.15	1.18760	1.19320	1.15520	1.16050	52939	0	50
2003.06.22	1.15790	1.16250	1.13990	1.14250	53386	0	50
2003.06.29	1.14300	1.16130	1.14000	1.14940	47470	0	50
2003.07.06	1.14800	1.14840	1.12580	1.12810	56653	0	50
2003.07.13	1.12890	1.13410	1.11120	1.12720	56358	0	50
2003.07.20	1.12500	1.15530	1.12420	1.15130	54090	0	50
2003.07.27	1.14970	1.15430	1.11340	1.12760	54554	0	50
2003.08.03	1.12840	1.14300	1.12610	1.13070	50976	0	50
2003.08.10	1.13060	1.13830	1.12180	1.12640	50252	0	50
2003.08.17	1.12670	1.12720	1.08350	1.08870	48984	0	50
2003.08.24	1.08690	1.10000	1.07880	1.09850	50857	0	50
2003.08.31	1.09900	1.11140	1.07620	1.11120	52090	0	50
2003.09.07	1.10980	1.13270	1.10470	1.12920	51185	0	50
2003.09.14	1.12620	1.13940	1.11380	1.13840	49094	0	50
2003.09.21	1.14520	1.15370	1.14140	1.14780	51682	0	50
2003.09.28	1.14590	1.17710	1.13940	1.15820	54817	0	50
2003.10.05	1.15740	1.18650	1.15310	1.17990	52276	0	50
2003.10.12	1.18090	1.18190	1.15440	1.16790	53381	0	50
2003.10.19	1.17040	1.18600	1.16020	1.17860	52577	0	50
2003.10.26	1.17730	1.17870	1.15630	1.15860	52333	0	50
2003.11.02	1.15820	1.16230	1.13760	1.15200	48382	0	50
2003.11.09	1.15030	1.18060	1.14440	1.17840	51040	0	50
2003.11.16	1.18140	1.19810	1.17240	1.19250	54121	0	50
2003.11.23	1.19120	1.20190	1.17540	1.19980	49428	0	50
2003.11.30	1.19880	1.21880	1.19350	1.21880	54802	0	50
2003.12.07	1.21670	1.23090	1.21140	1.22760	53705	0	50
2003.12.14	1.21330	1.24430	1.21320	1.23820	54303	0	50
2003.12.21	1.23820	1.24730	1.23500	1.24220	38690	0	50
2003.12.28	1.24330	1.26490	1.24260	1.25960	38737	0	40
2004.01.04	1.26090	1.28700	1.25600	1.28200	55433	0	40
2004.01.11	1.28420	1.29010	1.23510	1.23950	57294	0	40
2004.01.18	1.23830	1.27790	1.23330	1.25860	55774	0	40
2004.01.25	1.25800	1.26650	1.23500	1.24670	60137	0	40
2004.02.01	1.24810	1.27270	1.23910	1.27050	58114	0	40
2004.02.08	1.26190	1.28940	1.26060	1.27330	62236	0	40
2004.02.15	1.27280	1.29300	1.24930	1.25410	52669	0	40
2004.02.22	1.25170	1.27160	1.23710	1.24950	52325	0	40
2004.02.29	1.24810	1.25440	1.20560	1.23610	52999	0	40
2004.03.07	1.23660	1.24630	1.21620	1.22210	53636	0	40
2004.03.14	1.22100	1.24380	1.21770	1.22830	53209	0	40
2004.03.21	1.22740	1.24030	1.20700	1.21230	52114	0	40
2004.03.28	1.21180	1.23910	1.20460	1.21330	51168	0	40
2004.04.04	1.21120	1.22210	1.19790	1.20910	48902	0	40
2004.04.11	1.20860	1.21000	1.18680	1.19990	58881	0	40
2004.04.18	1.20160	1.20810	1.17780	1.18430	49404	0	40
2004.04.25	1.18010	1.20160	1.17590	1.19860	53891	0	40
2004.05.02	1.19960	1.21820	1.18750	1.18930	62152	0	40
2004.05.09	1.18810	1.19450	1.17700	1.18900	63388	0	40
2004.05.16	1.18910	1.20740	1.18780	1.19960	64101	0	40
2004.05.23	1.19930	1.23000	1.19320	1.22150	63182	0	40
2004.05.30	1.22400	1.23330	1.21360	1.22860	62914	0	40
2004.06.06	1.23000	1.23560	1.19650	1.20090	62045	0	40
2004.06.13	1.19740	1.21740	1.19530	1.21420	61035	0	40
2004.06.20	1.21440	1.21960	1.20400	1.21810	60951	0	40
2004.06.27	1.21780	1.23310	1.20660	1.23210	58299	0	40
2004.07.04	1.23280	1.24260	1.22630	1.24180	57191	0	40
2004.07.11	1.24110	1.24620	1.22990	1.24540	56209	0	40
2004.07.18	1.24510	1.24640	1.20880	1.20950	55422	0	40
2004.07.25	1.21030	1.21930	1.19900	1.20190	60523	0	40
2004.08.01	1.20690	1.22940	1.19680	1.22830	55684	0	40
2004.08.08	1.22870	1.23810	1.21750	1.23770	56397	0	40
2004.08.15	1.23790	1.23910	1.22780	1.23190	52769	0	40
2004.08.22	1.23130	1.23220	1.20040	1.20150	54694	0	40
2004.08.29	1.20120	1.22240	1.19860	1.20610	47688	0	40
2004.09.05	1.20620	1.23110	1.20260	1.22690	45078	0	40
2004.09.12	1.22680	1.22970	1.21200	1.21700	44520	0	40
2004.09.19	1.21740	1.23640	1.21250	1.22760	44488	0	40
2004.09.26	1.22830	1.24460	1.22460	1.24020	43952	0	40
2004.10.03	1.24010	1.24350	1.22460	1.24080	44557	0	40
2004.10.10	1.24170	1.25070	1.22240	1.24770	44069	0	40
2004.10.17	1.24770	1.26920	1.24510	1.26860	45536	0	40
2004.10.24	1.27200	1.28440	1.26310	1.27870	48981	0	40
2004.10.31	1.28180	1.29800	1.26550	1.29740	47979	0	40
2004.11.07	1.29690	1.30060	1.28480	1.29700	45868	0	40
2004.11.14	1.29700	1.30760	1.29160	1.30540	45309	0	40
2004.11.21	1.30390	1.33310	1.29750	1.32970	43894	0	40
2004.11.28	1.32800	1.34640	1.32290	1.34550	46215	0	40
2004.12.05	1.34420	1.34710	1.31390	1.32120	47496	0	40
2004.12.12	1.31960	1.34440	1.31950	1.33160	48172	0	40
2004.12.19	1.33330	1.35530	1.32970	1.35280	41598	0	40
2004.12.26	1.35270	1.36700	1.35120	1.35620	43186	0	40
2005.01.02	1.35620	1.35810	1.30240	1.30720	49237	0	30
2005.01.09	1.30580	1.32940	1.30520	1.30950	46764	0	30
2005.01.16	1.31090	1.31290	1.29220	1.30080	45639	0	30
2005.01.23	1.30460	1.31260	1.29450	1.30560	46671	0	30
2005.01.30	1.30120	1.30980	1.28640	1.28640	47206	0	30
2005.02.06	1.28550	1.29090	1.27320	1.28650	46111	0	30
2005.02.13	1.28810	1.30910	1.28770	1.30640	44851	0	30
2005.02.20	1.30520	1.32760	1.30310	1.32430	45593	0	30
2005.02.27	1.32380	1.32800	1.30870	1.32410	45339	0	30
2005.03.06	1.32360	1.34830	1.31770	1.34580	46834	0	30
2005.03.13	1.34630	1.34790	1.32650	1.33210	46406	0	30
2005.03.20	1.33100	1.33180	1.29280	1.29560	44180	0	30
2005.03.27	1.29620	1.30600	1.28560	1.29080	46874	0	30
2005.04.03	1.28850	1.29420	1.28000	1.29180	45948	0	30
2005.04.10	1.29260	1.30170	1.27670	1.29000	47470	0	30
2005.04.17	1.29180	1.31270	1.28760	1.30620	56159	0	30
2005.04.24	1.30570	1.30630	1.28530	1.28740	59080	0	30
2005.05.01	1.28620	1.29930	1.28100	1.28380	56566	0	30
2005.05.08	1.28160	1.29160	1.26040	1.26140	59754	0	30
2005.05.15	1.26250	1.26940	1.25350	1.25510	58014	0	30
2005.05.22	1.25430	1.26320	1.24930	1.25800	56511	0	30
2005.05.29	1.25380	1.25490	1.21580	1.22320	60342	0	30
2005.06.05	1.22270	1.23560	1.21060	1.21220	62159	0	30
2005.06.12	1.21090	1.22920	1.20160	1.22830	66489	0	30
2005.06.19	1.21880	1.22440	1.19820	1.20950	64845	0	30
2005.06.26	1.20990	1.21880	1.19330	1.19370	63653	0	30
2005.07.03	1.19320	1.20420	1.18650	1.19750	59315	0	30
2005.07.10	1.19670	1.22590	1.19550	1.20430	65843	0	30
2005.07.17	1.20240	1.22570	1.19520	1.20580	65756	0	30
2005.07.24	1.20530	1.21630	1.19630	1.21230	62659	0	30
2005.07.31	1.21230	1.24050	1.21170	1.23760	62292	0	30
2005.08.07	1.23370	1.24890	1.23140	1.24380	64561	0	30
2005.08.14	1.24540	1.24600	1.21250	1.21530	60239	0	30
2005.08.21	1.21680	1.23440	1.21550	1.22810	59289	0	30
2005.08.28	1.22840	1.25910	1.21700	1.25150	62222	0	30
2005.09.04	1.25340	1.25890	1.23740	1.24180	60418	0	30
2005.09.11	1.24020	1.24170	1.21930	1.22390	59756	0	30
2005.09.18	1.21630	1.22740	1.20330	1.20340	57755	0	30
2005.09.25	1.20250	1.20930	1.19780	1.20640	59635	0	30
2005.10.02	1.20200	1.22090	1.19000	1.21280	60206	0	30
2005.10.09	1.21170	1.21560	1.19130	1.20740	47722	0	30
2005.10.16	1.20780	1.21240	1.18750	1.19560	52975	0	30
2005.10.23	1.19440	1.21740	1.19220	1.20660	47224	0	30
2005.10.30	1.20630	1.20920	1.18000	1.18100	47754	0	30
2005.11.06	1.18040	1.18340	1.16710	1.17380	46390	0	30
2005.11.13	1.17180	1.17960	1.16380	1.17710	48184	0	30
2005.11.20	1.17800	1.18690	1.16850	1.17190	46817	0	30
2005.11.27	1.17070	1.19040	1.16600	1.17100	48141	0	30
2005.12.04	1.17000	1.18530	1.16870	1.18150	46196	0	30
2005.12.11	1.17880	1.20640	1.17840	1.20150	48590	0	30
2005.12.18	1.20250	1.20400	1.18010	1.18620	44957	0	30
2005.12.25	1.18600	1.19340	1.17780	1.18390	39067	0	30
2006.01.01	1.18490	1.21820	1.18010	1.21430	44251	0	20
2006.01.08	1.21430	1.21650	1.20070	1.21150	48168	0	20
2006.01.15	1.21530	1.21760	1.20400	1.21360	46555	0	20
2006.01.22	1.21430	1.23240	1.20860	1.20970	49909	0	20
2006.01.29	1.21040	1.21910	1.19670	1.20250	46182	0	20
2006.02.05	1.20330	1.20500	1.18920	1.19080	45428	0	20
2006.02.12	1.18950	1.19550	1.18480	1.19320	45168	0	20
2006.02.19	1.19250	1.19770	1.18630	1.18720	43175	0	20
2006.02.26	1.18660	1.20550	1.18250	1.20370	45442	0	20
2006.03.05	1.20500	1.20950	1.18590	1.19160	47460	0	20
2006.03.12	1.19130	1.22090	1.19110	1.21900	49694	0	20
2006.03.19	1.21760	1.21990	1.19510	1.20400	48778	0	20
2006.03.26	1.20390	1.21780	1.19800	1.21160	50639	0	20
2006.04.02	1.21190	1.23350	1.20310	1.20930	52371	0	20
2006.04.09	1.21060	1.21700	1.20650	1.21110	45312	0	20
2006.04.16	1.21220	1.23960	1.21190	1.23400	49700	0	20
2006.04.23	1.23710	1.26430	1.23330	1.26350	51405	0	20
2006.04.30	1.26290	1.27660	1.25550	1.27270	50423	0	20
2006.05.07	1.27440	1.29600	1.26600	1.29260	50627	0	20
2006.05.14	1.29470	1.29730	1.26920	1.27710	50986	0	20
2006.05.21	1.27630	1.28950	1.26940	1.27370	50598	0	20
2006.05.28	1.27320	1.29410	1.27180	1.29220	50645	0	20
2006.06.04	1.29270	1.29810	1.25970	1.26420	51520	0	20
2006.06.11	1.26150	1.26760	1.25300	1.26470	48926	0	20
2006.06.18	1.26490	1.26820	1.24780	1.25100	47101	0	20
2006.06.25	1.25060	1.27990	1.25010	1.27900	48738	0	20
2006.07.02	1.27880	1.28640	1.27050	1.28100	48234	0	20
2006.07.09	1.28130	1.28200	1.26260	1.26500	48135	0	20
2006.07.16	1.26380	1.27080	1.24570	1.27000	48612	0	20
2006.07.23	1.27040	1.27750	1.25590	1.27620	47696	0	20
2006.07.30	1.27650	1.29120	1.27200	1.28740	47356	0	20
2006.08.06	1.28840	1.29150	1.27150	1.27210	48752	0	20
2006.08.13	1.27120	1.28900	1.26940	1.28250	45672	0	20
2006.08.20	1.28270	1.29420	1.27230	1.27540	47617	0	20
2006.08.27	1.27610	1.28810	1.27490	1.28360	47724	0	20
2006.09.03	1.28460	1.28770	1.26500	1.26740	46374	0	20
2006.09.10	1.26660	1.27560	1.26300	1.26590	45845	0	20
2006.09.17	1.26370	1.28300	1.26290	1.27830	52549	0	20
2006.09.24	1.27890	1.28190	1.26390	1.26730	52679	0	20
2006.10.01	1.26830	1.27640	1.25740	1.25990	43311	0	20
2006.10.08	1.25880	1.26120	1.24830	1.25120	29861	0	20
2006.10.15	1.25010	1.26410	1.24880	1.26160	30263	0	20
2006.10.22	1.26150	1.27490	1.25240	1.27400	31943	0	20
2006.10.29	1.27300	1.27970	1.26770	1.27160	32290	0	20
2006.11.05	1.27170	1.28990	1.26890	1.28400	33187	0	20
2006.11.12	1.28510	1.28780	1.27610	1.28280	38721	0	20
2006.11.19	1.28250	1.31090	1.27970	1.30930	33915	0	20
2006.11.26	1.31560	1.33470	1.30860	1.33360	45657	0	20
2006.12.03	1.33620	1.33640	1.31890	1.32020	43982	0	20
2006.12.10	1.31820	1.32910	1.30590	1.30790	45137	0	20
2006.12.17	1.30820	1.32440	1.30510	1.31280	39337	0	20
2006.12.24	1.31380	1.32050	1.30870	1.31980	40177	0	20
2006.12.31	1.31890	1.32960	1.29800	1.30010	36774	0	20
2007.01.07	1.30100	1.30510	1.28650	1.29220	42369	0	20
2007.01.14	1.29270	1.29990	1.28950	1.29600	39111	0	20
2007.01.21	1.29560	1.30420	1.28760	1.29140	41778	0	20
2007.01.28	1.29210	1.30620	1.28960	1.29590	32564	0	20
2007.02.04	1.29550	1.30450	1.29110	1.30060	28462	0	20
2007.02.11	1.30150	1.31710	1.29390	1.31360	31534	0	20
2007.02.18	1.31540	1.31870	1.30790	1.31670	26602	0	20
2007.02.25	1.31890	1.32580	1.31410	1.31900	36490	0	20
2007.03.04	1.32090	1.32100	1.30700	1.31160	35335	0	20
2007.03.11	1.31170	1.33380	1.31090	1.33160	32991	0	20
2007.03.18	1.33180	1.34100	1.32680	1.32820	31129	0	20
2007.03.25	1.32880	1.33990	1.32530	1.33540	33432	0	20
2007.04.01	1.33720	1.34390	1.33180	1.33780	22798	0	20
2007.04.08	1.33750	1.35520	1.33390	1.35270	25688	0	20
2007.04.15	1.35660	1.36360	1.35250	1.35900	29382	0	20
2007.04.22	1.36040	1.36810	1.35410	1.36510	29844	0	20
2007.04.29	1.36360	1.36780	1.35350	1.35910	27805	0	20
2007.05.06	1.35980	1.36270	1.34610	1.35240	25212	0	20
2007.05.13	1.35310	1.36090	1.34640	1.35070	25056	0	20
2007.05.20	1.35170	1.35250	1.34110	1.34420	23600	0	20
2007.05.27	1.34470	1.35190	1.33920	1.34480	22316	0	20
2007.06.03	1.34400	1.35530	1.33200	1.33720	24732	0	20
2007.06.10	1.33620	1.33880	1.32620	1.33880	24553	0	20
2007.06.17	1.33810	1.34700	1.33710	1.34690	22519	0	20
2007.06.24	1.34670	1.35410	1.34150	1.35400	24821	0	20
2007.07.01	1.35420	1.36590	1.35270	1.36250	24316	0	20
2007.07.08	1.36320	1.38120	1.35940	1.37820	28969	0	20
2007.07.15	1.37800	1.38420	1.37520	1.38260	28130	0	20
2007.07.22	1.38300	1.38510	1.36260	1.36350	37541	0	20
2007.07.29	1.36120	1.38170	1.36090	1.37730	39506	0	20
2007.08.05	1.38380	1.38380	1.36430	1.36930	36852	0	20
2007.08.12	1.36850	1.37080	1.33600	1.34740	53444	0	20
2007.08.19	1.34770	1.36810	1.34500	1.36750	37044	0	20
2007.08.26	1.36720	1.37190	1.35620	1.36280	34237	0	20
2007.09.02	1.36280	1.37970	1.35500	1.37670	28501	0	20
2007.09.09	1.37810	1.39260	1.37660	1.38740	34534	0	20
2007.09.16	1.38720	1.41190	1.38280	1.40900	39160	0	20
2007.09.23	1.40890	1.42780	1.40600	1.42660	35042	0	20
2007.09.30	1.42800	1.42810	1.40320	1.41340	34145	0	20
2007.10.07	1.41500	1.42400	1.40140	1.41770	32668	0	20
2007.10.14	1.41760	1.43170	1.41430	1.43000	35799	0	20
2007.10.21	1.43340	1.43930	1.41250	1.43920	43399	0	20
2007.10.28	1.44120	1.45270	1.43730	1.45040	42060	0	20
2007.11.04	1.45180	1.47510	1.44420	1.46790	50918	0	20
2007.11.11	1.46770	1.47280	1.45190	1.46610	53781	0	20
2007.11.18	1.46670	1.49660	1.46200	1.48360	45893	0	20
2007.11.25	1.48260	1.49050	1.46270	1.46380	48943	0	20
2007.12.02	1.46480	1.47690	1.45270	1.46570	45913	0	20
2007.12.09	1.46540	1.47500	1.44100	1.44290	45172	0	20
2007.12.16	1.44050	1.44530	1.43090	1.43810	43028	0	20
2007.12.23	1.43730	1.47280	1.43700	1.47210	20236	0	20
2007.12.30	1.47220	1.48230	1.45810	1.47400	29776	0	20
2008.01.06	1.47460	1.48190	1.46380	1.47760	47761	0	20
2008.01.13	1.48070	1.49210	1.45890	1.46200	59070	0	20
2008.01.20	1.45970	1.47780	1.43650	1.46810	82507	0	20
2008.01.27	1.46910	1.49490	1.46610	1.48010	58817	0	20
2008.02.03	1.47960	1.48470	1.44380	1.45040	57880	0	20
2008.02.10	1.45240	1.47070	1.44810	1.46810	51781	0	20
2008.02.17	1.46720	1.48610	1.46100	1.48280	52474	0	20
2008.02.24	1.48340	1.52380	1.47780	1.51780	64537	0	20
2008.03.02	1.52120	1.54620	1.51450	1.53540	65682	0	20
2008.03.09	1.53990	1.56870	1.52810	1.56730	73026	0	20
2008.03.16	1.57040	1.59020	1.53960	1.54320	96451	0	20
2008.03.23	1.54120	1.58590	1.53430	1.57940	66548	0	20
2008.03.30	1.58040	1.58960	1.55100	1.57370	73292	0	20
2008.04.06	1.57290	1.59130	1.56260	1.58070	65123	0	20
2008.04.13	1.57040	1.59830	1.56710	1.58160	71993	0	20
2008.04.20	1.58130	1.60180	1.55540	1.56290	79036	0	20
2008.04.27	1.56150	1.56930	1.53600	1.54230	71708	0	20
2008.05.04	1.54290	1.55940	1.52840	1.54800	59523	0	20
2008.05.11	1.54560	1.56010	1.53650	1.55760	64668	0	20
2008.05.18	1.55950	1.58130	1.54870	1.57610	55923	0	20
2008.05.25	1.57650	1.58180	1.54620	1.55540	52602	0	20
2008.06.01	1.55610	1.57770	1.53650	1.57770	66783	0	20
2008.06.08	1.57910	1.58430	1.53020	1.53790	74659	0	20
2008.06.15	1.54040	1.56510	1.53460	1.56060	57753	0	20
2008.06.22	1.56270	1.57910	1.54680	1.57910	58306	0	20
2008.06.29	1.57760	1.59080	1.56550	1.57060	57529	0	20
2008.07.06	1.56910	1.59420	1.56110	1.59380	62145	0	20
2008.07.13	1.59610	1.60380	1.57830	1.58470	69428	0	20
2008.07.20	1.58430	1.59440	1.56280	1.57090	62234	0	20
2008.07.27	1.56970	1.57680	1.55150	1.55640	53731	0	20
2008.08.03	1.55740	1.56310	1.49970	1.50050	65033	0	20
2008.08.10	1.49440	1.50830	1.46600	1.46890	80967	0	20
2008.08.17	1.46840	1.49080	1.46300	1.47930	54718	0	20
2008.08.24	1.47890	1.48110	1.45710	1.46780	67158	0	20
2008.08.31	1.47090	1.47230	1.41960	1.42670	83151	0	20
2008.09.07	1.43780	1.44280	1.38810	1.42230	104827	0	20
2008.09.14	1.42890	1.45420	1.40710	1.44670	165521	0	20
2008.09.21	1.44900	1.48670	1.44370	1.46130	104532	0	20
2008.09.28	1.45180	1.45690	1.37020	1.37700	134817	0	20
2008.10.05	1.36370	1.37850	1.32580	1.34080	185646	0	20
2008.10.12	1.35710	1.37680	1.33450	1.34080	151231	0	20
2008.10.19	1.34050	1.35300	1.24970	1.26230	159879	0	20
2008.10.26	1.25750	1.32880	1.23300	1.27270	183702	0	20
2008.11.02	1.27660	1.31140	1.25260	1.27170	165523	0	20
2008.11.09	1.28140	1.29270	1.23890	1.26040	176792	0	20
2008.11.16	1.25360	1.28130	1.24230	1.25870	153509	0	20
2008.11.23	1.26070	1.30800	1.25630	1.26900	120289	0	20
2008.11.30	1.26940	1.28470	1.25520	1.27180	75433	0	20
2008.12.07	1.27200	1.34140	1.27140	1.33690	70511	0	20
2008.12.14	1.33900	1.47190	1.33900	1.39070	129742	0	20
2008.12.21	1.39200	1.41240	1.39030	1.40270	62710	0	20
2008.12.28	1.40710	1.43620	1.38380	1.39230	53050	0	20
2009.01.04	1.38830	1.39620	1.33130	1.34720	112458	0	20
2009.01.11	1.34590	1.34620	1.30260	1.32660	156324	0	20
2009.01.18	1.33490	1.33850	1.27640	1.29730	154375	0	20
2009.01.25	1.29160	1.33270	1.27630	1.28120	791512	0	20
2009.02.01	1.27520	1.30690	1.27060	1.29390	657951	0	20
2009.02.08	1.29710	1.30930	1.27200	1.28620	174093	0	20
2009.02.15	1.27900	1.28840	1.25120	1.28260	117875	0	20
2009.02.22	1.28190	1.29910	1.26040	1.26660	113686	0	20
2009.03.01	1.26170	1.27540	1.24560	1.26530	105664	0	20
2009.03.08	1.26710	1.29570	1.25550	1.29290	110659	0	20
2009.03.15	1.28460	1.37370	1.28460	1.35811	127557	0	20
2009.03.22	1.36564	1.37350	1.32563	1.32866	237313	0	20
2009.03.29	1.32211	1.35167	1.31121	1.34849	235834	0	20
2009.04.05	1.35142	1.35806	1.30894	1.31866	196639	0	20
2009.04.12	1.31898	1.33915	1.30167	1.30426	196570	0	20
2009.04.19	1.30406	1.33002	1.28844	1.32413	253432	0	20
2009.04.26	1.32401	1.33848	1.29649	1.32636	258633	0	20
2009.05.03	1.32818	1.36497	1.32123	1.36347	416435	0	20
2009.05.10	1.36545	1.37214	1.34614	1.34947	428803	0	20
2009.05.17	1.34836	1.40498	1.34234	1.39974	355240	0	20
2009.05.24	1.40281	1.41678	1.37931	1.41597	409244	0	20
2009.05.31	1.41322	1.43378	1.39327	1.39673	490154	0	20
2009.06.07	1.39434	1.41710	1.38039	1.40153	449289	0	20
2009.06.14	1.39876	1.40112	1.37477	1.39372	435485	0	20
2009.06.21	1.39487	1.41375	1.38264	1.40551	437658	0	20
2009.06.28	1.40616	1.41965	1.39273	1.39797	375119	0	20
2009.07.05	1.39551	1.40715	1.38323	1.39353	394634	0	20
2009.07.12	1.39461	1.41652	1.38966	1.41008	382400	0	20
2009.07.19	1.41162	1.42907	1.41090	1.42016	394472	0	20
2009.07.26	1.42297	1.43036	1.40072	1.42561	368876	0	20
2009.08.02	1.42703	1.44465	1.41537	1.41825	345483	0	20
2009.08.09	1.41810	1.43267	1.40861	1.42022	333488	0	20
2009.08.16	1.41879	1.43751	1.40454	1.43249	347049	0	20
2009.08.23	1.43437	1.44049	1.42065	1.43022	279471	0	20
2009.08.30	1.43076	1.43760	1.41770	1.42950	238188	0	20
2009.09.06	1.43050	1.46330	1.43020	1.45700	137219	0	20
2009.09.13	1.45970	1.47652	1.45154	1.47106	253719	0	7
2009.09.20	1.46953	1.48427	1.46110	1.46881	258509	0	8
2009.09.27	1.47011	1.47193	1.44835	1.45740	275948	0	8
2009.10.04	1.45883	1.48150	1.45791	1.47300	254772	0	9
2009.10.11	1.47167	1.49656	1.46752	1.49035	259828	0	10
2009.10.18	1.48932	1.50595	1.48267	1.50072	271338	0	8
2009.10.25	1.50090	1.50617	1.46829	1.47185	279965	0	8
2009.11.01	1.47346	1.49160	1.46262	1.48462	273515	0	8
2009.11.08	1.48716	1.50475	1.48210	1.49019	264008	0	8
2009.11.15	1.49194	1.50147	1.48011	1.48614	291225	0	8
2009.11.22	1.48501	1.51437	1.48281	1.49869	262869	0	8
2009.11.29	1.50084	1.51399	1.48198	1.48560	251332	0	8
2009.12.06	1.48678	1.49028	1.45859	1.46138	297310	0	9
2009.12.13	1.46146	1.46850	1.42611	1.43352	224864	0	8
2009.12.20	1.43118	1.44173	1.42175	1.43538	131192	0	9
2009.12.27	1.43712	1.44573	1.42725	1.43306	125425	0	15
2010.01.03	1.43259	1.44830	1.42569	1.44085	216349	0	9
2010.01.10	1.44125	1.45785	1.43365	1.43857	229724	0	8
2010.01.17	1.43480	1.44131	1.40285	1.41363	250323	0	8
2010.01.24	1.41523	1.41938	1.38610	1.38611	252553	0	9
2010.01.31	1.38627	1.40255	1.35854	1.36776	237535	0	9
2010.02.07	1.36561	1.38380	1.35311	1.36309	249618	0	8
2010.02.14	1.36158	1.37881	1.34433	1.36116	225199	0	8
2010.02.21	1.36133	1.36913	1.34504	1.36310	231398	0	8
2010.02.28	1.36222	1.37351	1.34349	1.36198	228230	0	8
2010.03.07	1.36307	1.37954	1.35370	1.37678	162343	0	8
2010.03.14	1.37612	1.38171	1.35029	1.35301	184704	0	9
2010.03.21	1.35174	1.35687	1.32671	1.34075	205760	0	8
2010.03.28	1.34719	1.35904	1.33841	1.35030	176113	0	8
2010.04.04	1.34900	1.35378	1.32821	1.34984	170707	0	9
2010.04.11	1.36107	1.36913	1.34726	1.35017	208873	0	9
2010.04.18	1.34769	1.35222	1.32016	1.33811	200306	0	9
2010.04.25	1.33460	1.34147	1.31141	1.32936	243903	0	8
2010.05.02	1.33296	1.33326	1.25270	1.27518	298888	0	8
2010.05.09	1.29299	1.30934	1.23529	1.23566	314472	0	9
2010.05.16	1.23485	1.26711	1.21435	1.25712	374158	0	10
2010.05.23	1.25461	1.25622	1.21534	1.22720	266022	0	8
2010.05.30	1.22807	1.23487	1.19551	1.19671	272240	1237300000	8
2010.06.06	1.19460	1.21521	1.18758	1.21112	316404	0	8
2010.06.13	1.21188	1.24156	1.21155	1.23875	270708	0	8
2010.06.20	1.24291	1.24664	1.22090	1.23681	217772	0	8
2010.06.27	1.23781	1.26106	1.21495	1.25655	234190	0	7
2010.07.04	1.25558	1.27218	1.24796	1.26404	189642	0	7
2010.07.11	1.26413	1.30063	1.25219	1.29296	308877	0	7
2010.07.18	1.29040	1.30275	1.27318	1.29086	213396	0	7
2010.07.25	1.28940	1.31060	1.28761	1.30504	206938	0	8
2010.08.01	1.30596	1.33327	1.30533	1.32781	175776	0	6
2010.08.08	1.32880	1.33070	1.27494	1.27531	201495	0	7
2010.08.15	1.27650	1.29214	1.26634	1.27105	206021	0	7
2010.08.22	1.27050	1.27778	1.25874	1.27617	210442	0	5
2010.08.29	1.27641	1.28969	1.26250	1.28951	162228	0	5
2010.09.05	1.28934	1.29167	1.26434	1.26784	166897	0	5
2010.09.12	1.27050	1.31584	1.27040	1.30487	213717	0	7
2010.09.19	1.30460	1.34945	1.30288	1.34919	182346	0	6
2010.09.26	1.34820	1.37915	1.33810	1.37900	232903	0	6
2010.10.03	1.37877	1.40285	1.36367	1.39280	249632	0	7
2010.10.10	1.40020	1.41505	1.37752	1.39762	223958	0	8
2010.10.17	1.39727	1.40495	1.36975	1.39528	277699	0	7
2010.10.24	1.39516	1.40795	1.37338	1.39459	306137	0	7
2010.10.31	1.39703	1.42813	1.38636	1.40314	348701	0	8
2010.11.07	1.40538	1.40846	1.35735	1.36900	396564	0	8
2010.11.14	1.36829	1.37497	1.34475	1.36718	392533	0	8
2010.11.21	1.37355	1.37853	1.32003	1.32402	406871	0	9
2010.11.28	1.32750	1.34373	1.29694	1.34136	458788	0	9
2010.12.05	1.34078	1.34216	1.31645	1.32262	424403	0	7
2010.12.12	1.32052	1.34966	1.31328	1.31873	385836	0	4
2010.12.19	1.31661	1.32006	1.30549	1.31209	299467	0	8
2010.12.26	1.31129	1.34223	1.30718	1.33827	269494	0	9
2011.01.02	1.33443	1.34330	1.29044	1.29055	383714	0	8
2011.01.09	1.28939	1.34562	1.28736	1.33875	405633	0	8
2011.01.16	1.33704	1.36238	1.32448	1.36196	426252	0	6
2011.01.23	1.36097	1.37573	1.35399	1.36102	447361	0	5
2011.01.30	1.35800	1.38607	1.35436	1.35800	402459	0	8
2011.02.06	1.35686	1.37424	1.34972	1.35513	278582	0	8
2011.02.13	1.35240	1.37138	1.34279	1.36923	322173	0	8
2011.02.20	1.36886	1.38372	1.35278	1.37523	354659	0	7
2011.02.27	1.37470	1.40052	1.37110	1.39863	359458	0	7
2011.03.06	1.39921	1.40354	1.37519	1.39016	359940	0	5
2011.03.13	1.39507	1.41831	1.38550	1.41793	416914	0	8
2011.03.20	1.41808	1.42479	1.40534	1.40868	330571	0	8
2011.03.27	1.40463	1.42448	1.40204	1.42344	326961	0	7
2011.04.03	1.42312	1.44869	1.41511	1.44823	325238	0	6
2011.04.10	1.44530	1.45193	1.43647	1.44285	348475	0	7
2011.04.17	1.44162	1.46478	1.41574	1.45597	326017	0	7
2011.04.24	1.45604	1.48809	1.44929	1.48062	311532	14575658000	7
2011.05.01	1.48249	1.49385	1.43117	1.43149	375582	0	7
2011.05.08	1.43656	1.44407	1.40672	1.41170	376884	0	8
2011.05.15	1.40753	1.43451	1.40478	1.41573	235100	0	7
2011.05.22	1.41318	1.43216	1.39692	1.43173	346292	0	8
2011.05.29	1.43099	1.46420	1.42567	1.46327	342030	0	7
2011.06.05	1.46269	1.46955	1.43223	1.43458	283803	0	6
2011.06.12	1.43270	1.44971	1.40731	1.42858	413507	0	7
2011.06.19	1.42747	1.44407	1.41265	1.41865	406219	0	6
2011.06.26	1.41875	1.45501	1.41023	1.45246	373990	0	6
2011.07.03	1.45366	1.45769	1.42059	1.42632	366657	0	5
2011.07.10	1.42236	1.42808	1.38371	1.41566	474565	0	7
2011.07.17	1.41208	1.44375	1.40138	1.43580	500747	0	7
2011.07.24	1.43997	1.45350	1.42293	1.43945	402186	42079361000	5
2011.07.31	1.43607	1.44526	1.40553	1.42804	476302	46180586000	7
2011.08.07	1.43705	1.44006	1.41039	1.42479	568034	0	4
2011.08.14	1.42639	1.45167	1.42585	1.43950	467630	0	6
2011.08.21	1.43735	1.45008	1.43283	1.44984	418218	0	4
2011.08.28	1.44916	1.45482	1.41839	1.42037	428297	251457613316	6
2011.09.04	1.41571	1.42544	1.36272	1.36532	479792	0	6
2011.09.11	1.35783	1.39359	1.34989	1.37941	544412	0	6
2011.09.18	1.36761	1.37953	1.33856	1.34974	569330	0	4
2011.09.25	1.35078	1.36892	1.33624	1.33846	565075	0	4
2011.10.02	1.33447	1.35241	1.31458	1.33755	575815	0	2
2011.10.09	1.33863	1.38936	1.33774	1.38780	498006	0	6
2011.10.16	1.38782	1.39137	1.36526	1.38917	519353	0	6
2011.10.23	1.38686	1.42460	1.37997	1.41453	522590	0	6
2011.10.30	1.41501	1.41695	1.36085	1.37898	543775	0	6
2011.11.06	1.38160	1.38580	1.34837	1.37672	494669	0	5
2011.11.13	1.37759	1.37919	1.34213	1.35222	521416	0	4
2011.11.20	1.35214	1.35678	1.32119	1.32375	459859	0	4
2011.11.27	1.33095	1.35449	1.32587	1.33898	444935	0	4
2011.12.04	1.34094	1.34851	1.32810	1.33842	418893	0	4
2011.12.11	1.33636	1.33759	1.29462	1.30419	418630	0	6
2011.12.18	1.30328	1.31956	1.29828	1.30451	349511	0	3
2011.12.25	1.30487	1.30824	1.28577	1.29565	286579	0	5
2012.01.01	1.29443	1.30762	1.26972	1.27188	373701	0	5
2012.01.08	1.26923	1.28778	1.26241	1.26754	416779	0	5
2012.01.15	1.26383	1.29854	1.26254	1.29298	414711	0	5
2012.01.22	1.28808	1.32330	1.28807	1.32189	399132	0	4
2012.01.29	1.32148	1.32206	1.30257	1.31561	418856	0	4
2012.02.05	1.31211	1.33199	1.30278	1.31957	426978	0	5
2012.02.12	1.32380	1.32833	1.29745	1.31418	427567	0	5
2012.02.19	1.32026	1.34856	1.31821	1.34478	388764	0	4
2012.02.26	1.34595	1.34851	1.31876	1.31979	411748	0	5
2012.03.04	1.31953	1.32904	1.30961	1.31221	388769	0	5
2012.03.11	1.31160	1.31905	1.30032	1.31735	359095	0	5
2012.03.18	1.31797	1.32916	1.31343	1.32690	341352	0	5
2012.03.25	1.32680	1.33848	1.31919	1.33408	348155	0	5
2012.04.01	1.33562	1.33801	1.30346	1.30911	333420	0	5
2012.04.08	1.30961	1.32122	1.30330	1.30764	353276	0	5
2012.04.15	1.30690	1.32262	1.29945	1.32170	380825	0	5
2012.04.22	1.31920	1.32695	1.31042	1.32514	353589	0	5
2012.04.29	1.32408	1.32828	1.30799	1.30832	306452	0	5
2012.05.06	1.30245	1.30645	1.29044	1.29162	391689	0	5
2012.05.13	1.28872	1.29038	1.26417	1.27783	390345	0	5
2012.05.20	1.27767	1.28230	1.24964	1.25153	431732	0	5
2012.05.27	1.25707	1.26235	1.22882	1.24325	429758	0	5
2012.06.03	1.24371	1.26243	1.23854	1.25160	436821	0	5
2012.06.10	1.26478	1.26677	1.24423	1.26361	437695	0	5
2012.06.17	1.27371	1.27468	1.25191	1.25677	439106	0	5
2012.06.24	1.25544	1.26918	1.24071	1.26655	420423	0	5
2012.07.01	1.26696	1.26703	1.22598	1.22875	376626	0	5
2012.07.08	1.22659	1.23331	1.21622	1.22485	379199	0	4
2012.07.15	1.22498	1.23214	1.21440	1.21551	379945	0	5
2012.07.22	1.21217	1.23889	1.20418	1.23211	433996	0	5
2012.07.29	1.23012	1.24011	1.21337	1.23848	397075	0	4
2012.08.05	1.23945	1.24422	1.22409	1.22884	374313	0	5
2012.08.12	1.22864	1.23849	1.22561	1.23327	336236	0	5
2012.08.19	1.23380	1.25885	1.22948	1.25109	345156	0	5
2012.08.26	1.25118	1.26360	1.24647	1.25783	271377	0	4
2012.09.02	1.25803	1.28165	1.25012	1.28154	318095	0	5
2012.09.09	1.28064	1.31676	1.27543	1.31286	350167	0	5
2012.09.16	1.31239	1.31706	1.29201	1.29788	361906	0	5
2012.09.23	1.29789	1.29798	1.28293	1.28595	337360	0	4
2012.09.30	1.28488	1.30708	1.28031	1.30391	308188	0	5
2012.10.07	1.30231	1.30246	1.28253	1.29503	285281	0	5
2012.10.14	1.29545	1.31384	1.28908	1.30230	289648	0	5
2012.10.21	1.30231	1.30824	1.28819	1.29385	277072	0	3
2012.10.28	1.29244	1.30199	1.28207	1.28333	226267	0	2
2012.11.04	1.28198	1.28757	1.26895	1.27106	316553	0	4
2012.11.11	1.27154	1.28010	1.26612	1.27418	291536	0	4
2012.11.18	1.27411	1.29896	1.27359	1.29729	279968	0	4
2012.11.25	1.29731	1.30267	1.28796	1.29848	286756	0	3
2012.12.02	1.29934	1.31253	1.28769	1.29261	274917	0	4
2012.12.09	1.28992	1.31727	1.28855	1.31622	258494	0	4
2012.12.16	1.31821	1.33076	1.31437	1.31867	266256	0	3
2012.12.23	1.31790	1.32833	1.31654	1.32146	153549	0	3
2012.12.30	1.32157	1.32992	1.29975	1.30677	221137	0	4
2013.01.06	1.30779	1.33644	1.30165	1.33416	256383	0	3
2013.01.13	1.33621	1.34031	1.32564	1.33195	269667	0	4
2013.01.20	1.33107	1.34785	1.32642	1.34629	253063	0	4
2013.01.27	1.34598	1.37106	1.34140	1.36391	278255	0	4
2013.02.03	1.36488	1.36532	1.33532	1.33614	300546	0	2
2013.02.10	1.33682	1.35193	1.33062	1.33585	261414	0	1
2013.02.17	1.33484	1.34316	1.31451	1.31907	182856	0	2
2013.02.24	1.31904	1.33183	1.29664	1.30180	232860	0	2
2013.03.03	1.30136	1.31341	1.29550	1.30042	138496	0	1
2013.03.10	1.29892	1.31069	1.29110	1.30754	233950	0	1
2013.03.17	1.29071	1.30095	1.28438	1.29867	272748	0	1
2013.03.24	1.29724	1.30479	1.27509	1.28148	217289	0	1
2013.03.31	1.28112	1.30397	1.27454	1.29915	208051	0	1
2013.04.07	1.29937	1.31380	1.29683	1.31082	221065	0	1
2013.04.14	1.31025	1.32015	1.30011	1.30510	274110	0	1
2013.04.21	1.30691	1.30933	1.29547	1.30267	228404	0	1
2013.04.28	1.30585	1.32427	1.30318	1.31131	210198	0	1
2013.05.05	1.31170	1.31944	1.29350	1.29853	200456	0	1
2013.05.12	1.29756	1.30293	1.27962	1.28363	226292	0	1
2013.05.19	1.28446	1.29980	1.28192	1.29278	272812	0	1
2013.05.26	1.29363	1.30614	1.28378	1.29956	277809	0	1
2013.06.02	1.29922	1.33045	1.29555	1.32168	312740	0	1
2013.06.09	1.31917	1.33898	1.31772	1.33445	305920	0	1
2013.06.16	1.33487	1.34158	1.30988	1.31209	298649	0	1
2013.06.23	1.31042	1.31508	1.29848	1.30078	290631	0	1
2013.06.30	1.30144	1.30780	1.28061	1.28291	261610	0	1
2013.07.07	1.28204	1.32066	1.27553	1.30651	304889	0	1
2013.07.14	1.30664	1.31781	1.29934	1.31408	243185	0	1
2013.07.21	1.31366	1.32968	1.31358	1.32765	226713	0	1
2013.07.28	1.32792	1.33446	1.31877	1.32798	234527	0	1
2013.08.04	1.32813	1.34002	1.32327	1.33387	210976	0	1
2013.08.11	1.33366	1.33798	1.32058	1.33279	210860	0	1
2013.08.18	1.33354	1.34518	1.32980	1.33788	224721	0	1
2013.08.25	1.33819	1.33986	1.31750	1.32195	200056	0	1
2013.09.01	1.32122	1.32270	1.31047	1.31766	172401	0	1
2013.09.08	1.31735	1.33244	1.31651	1.32932	168688	0	1
2013.09.15	1.33627	1.35685	1.33251	1.35217	178562	0	1
2013.09.22	1.35318	1.35642	1.34622	1.35216	159908	0	1
2013.09.29	1.34819	1.36455	1.34775	1.35565	181131	0	1
2013.10.06	1.35629	1.36070	1.34857	1.35372	167283	0	1
2013.10.13	1.35569	1.37036	1.34734	1.36853	175662	0	1
2013.10.20	1.36829	1.38320	1.36509	1.38020	158117	0	1
2013.10.27	1.38080	1.38171	1.34799	1.34858	180256	0	1
2013.11.03	1.34910	1.35472	1.32959	1.33644	175919	0	1
2013.11.10	1.33574	1.35046	1.33445	1.34943	178305	0	1
2013.11.17	1.34917	1.35770	1.33992	1.35554	182263	0	1
2013.11.24	1.35536	1.36214	1.34902	1.35901	159441	0	1
2013.12.01	1.35878	1.37061	1.35241	1.37045	198467	0	1
2013.12.08	1.37101	1.38105	1.36943	1.37376	173876	0	1
2013.12.15	1.37370	1.38111	1.36251	1.36700	197458	0	1
2013.12.22	1.36723	1.38930	1.36547	1.37462	105245	0	1
2013.12.29	1.37586	1.38189	1.35821	1.35874	156598	0	1
2014.01.05	1.35955	1.36871	1.35484	1.36665	200208	0	1
2014.01.12	1.36662	1.36992	1.35168	1.35405	189193	0	1
2014.01.19	1.35325	1.37393	1.35074	1.36752	198826	0	1
2014.01.26	1.36800	1.37163	1.34790	1.34849	222017	0	1
2014.02.02	1.34855	1.36425	1.34770	1.36342	224074	0	1
2014.02.09	1.36232	1.37145	1.35620	1.36918	168062	0	1
2014.02.16	1.37007	1.37730	1.36857	1.37380	148491	0	1
2014.02.23	1.37382	1.38241	1.36430	1.38016	170799	0	1
2014.03.02	1.37856	1.39146	1.37072	1.38746	183866	0	1
2014.03.09	1.38761	1.39666	1.38335	1.39134	325073	0	1
2014.03.16	1.39062	1.39474	1.37490	1.37933	317053	0	1
2014.03.23	1.37914	1.38757	1.37047	1.37513	342361	0	1
2014.03.30	1.37531	1.38201	1.36725	1.37014	327388	0	1
2014.04.06	1.37008	1.39057	1.36960	1.38844	263116	0	1
2014.04.13	1.38573	1.38645	1.37899	1.38068	163032	0	1
2014.04.20	1.38164	1.38545	1.37849	1.38330	148035	0	1
2014.04.27	1.38394	1.38889	1.37749	1.38689	180202	0	1
2014.05.04	1.38724	1.39932	1.37453	1.37577	232961	0	1
2014.05.11	1.37569	1.37747	1.36484	1.36933	206253	0	1
2014.05.18	1.36978	1.37337	1.36155	1.36280	154702	0	1
2014.05.25	1.36246	1.36681	1.35858	1.36339	135950	0	1
2014.06.01	1.36304	1.36769	1.35028	1.36423	212522	0	1
2014.06.08	1.36458	1.36685	1.35121	1.35379	197118	0	1
2014.06.15	1.35373	1.36433	1.35129	1.35995	183483	0	1
2014.06.22	1.35949	1.36510	1.35738	1.36488	166306	0	1
2014.06.29	1.36450	1.36969	1.35851	1.35944	90549	0	1
2014.07.06	1.35935	1.36506	1.35758	1.36032	151484	0	1
2014.07.13	1.36055	1.36401	1.34908	1.35203	214577	0	1
2014.07.20	1.35268	1.35484	1.34210	1.34288	221099	0	1
2014.07.27	1.34305	1.34446	1.33665	1.34264	215617	0	1
2014.08.03	1.34271	1.34323	1.33327	1.34094	228913	0	6
2014.08.10	1.34061	1.34148	1.33356	1.33975	200862	0	6
2014.08.17	1.33913	1.33988	1.32204	1.32381	198054	0	2
2014.08.24	1.31914	1.32204	1.31323	1.31323	181357	0	1
2014.08.31	1.31292	1.31600	1.29201	1.29510	210091	0	1
2014.09.07	1.29531	1.29791	1.28594	1.29643	295977	0	1
2014.09.14	1.29679	1.29951	1.28275	1.28284	260293	0	1
2014.09.21	1.28267	1.29012	1.26769	1.26825	287020	0	1
2014.09.28	1.26812	1.27149	1.25006	1.25145	285632	0	1
2014.10.05	1.25132	1.27914	1.25089	1.26272	348625	0	1
2014.10.12	1.26273	1.28868	1.26248	1.27591	453256	0	1
2014.10.19	1.27552	1.28397	1.26134	1.26681	363842	0	3
2014.10.26	1.26751	1.27701	1.24851	1.25231	399235	0	1
2014.11.02	1.25085	1.25772	1.23571	1.24535	494358	0	1
2014.11.09	1.24637	1.25462	1.23939	1.25215	463927	0	1
2014.11.16	1.25204	1.25991	1.23747	1.23892	392866	0	1
2014.11.23	1.23623	1.25310	1.23623	1.24498	278942	22224335000	1
2014.11.30	1.24613	1.25062	1.22707	1.22844	287048	0	1
2014.12.07	1.22828	1.24949	1.22472	1.24600	335435	428248938800	1
2014.12.14	1.24731	1.25696	1.22200	1.22224	351726	475662784000	1
2014.12.21	1.22230	1.22723	1.21644	1.21773	522167	778831584000	1
2014.12.28	1.21807	1.22209	1.19997	1.20014	199101	189085240000	1
2015.01.04	1.19454	1.19757	1.17536	1.18402	458565	0	9
2015.01.11	1.18481	1.18702	1.14594	1.15650	520065	0	9
2015.01.18	1.15524	1.16790	1.11145	1.12032	251059	0	6
2015.01.25	1.11492	1.14221	1.10970	1.12844	278771	26232873000	1
2015.02.01	1.13115	1.15332	1.12918	1.13102	349852	0	1
2015.02.08	1.12952	1.14421	1.12698	1.13919	330358	0	5
2015.02.15	1.13994	1.14496	1.12788	1.13785	314887	0	1
2015.02.22	1.13940	1.13952	1.11758	1.11957	296476	0	5
2015.03.01	1.11805	1.12402	1.08387	1.08433	300856	0	5
2015.03.08	1.08296	1.09061	1.04619	1.04910	401922	0	2
2015.03.15	1.04855	1.10415	1.04791	1.08189	435126	0	1
2015.03.22	1.08667	1.10515	1.07667	1.08841	414507	0	5
2015.03.29	1.08841	1.10261	1.07123	1.09679	327491	0	1
2015.04.05	1.10007	1.10348	1.05674	1.06030	329302	0	1
2015.04.12	1.06030	1.08481	1.05202	1.08089	431252	0	2
2015.04.19	1.08089	1.08996	1.06594	1.08700	452832	0	4
2015.04.26	1.08627	1.12896	1.08191	1.11967	549654	0	4
2015.05.03	1.11922	1.13918	1.10662	1.12085	190619	0	1
2015.05.10	1.12000	1.14661	1.11305	1.14466	422918	0	1
2015.05.17	1.14485	1.14485	1.10016	1.10141	500607	0	4
2015.05.24	1.10052	1.10089	1.08185	1.09895	504263	0	5
2015.05.31	1.09835	1.13793	1.08865	1.11163	662111	0	1
2015.06.07	1.11018	1.13855	1.10837	1.12621	808892	0	5
2015.06.14	1.12133	1.14360	1.11893	1.13483	683352	0	4
2015.06.21	1.13740	1.14097	1.11297	1.11713	671863	0	5
2015.06.28	1.10047	1.12776	1.09538	1.11038	714227	0	4
2015.07.05	1.09794	1.12153	1.09158	1.11541	787387	0	4
2015.07.12	1.10993	1.11963	1.08281	1.08299	695744	0	5
2015.07.19	1.08332	1.10180	1.08078	1.09762	756333	362240361000	4
2015.07.26	1.09759	1.11292	1.08931	1.09831	708373	974474696000	5
2015.08.02	1.09711	1.09957	1.08477	1.09640	680722	966121143000	5
2015.08.09	1.09623	1.12137	1.09250	1.11100	600900	819337173000	4
2015.08.16	1.11140	1.13884	1.10171	1.13865	729892	1017363513000	7
2015.08.23	1.13742	1.17138	1.11559	1.11803	1072302	1239910391000	7
2015.08.30	1.11767	1.13318	1.10869	1.11469	745872	1053585481000	7
2015.09.06	1.11571	1.13493	1.11210	1.13395	724352	1042566194000	7
2015.09.13	1.13298	1.14600	1.12138	1.12985	697376	1051997574000	7
2015.09.20	1.12823	1.13298	1.11049	1.11994	735427	1103243120000	7
2015.09.27	1.11910	1.13181	1.11347	1.12095	734787	1104037547000	4
2015.10.04	1.12202	1.13869	1.11717	1.13569	723200	1157952219000	7
2015.10.11	1.13588	1.14949	1.13339	1.13474	624106	1001400043000	7
2015.10.18	1.13546	1.13868	1.09963	1.10169	650550	1056362226000	7
2015.10.25	1.10071	1.10955	1.08966	1.10050	621044	999421622000	7
2015.11.01	1.10266	1.10527	1.07070	1.07390	632031	1028290494000	7
2015.11.08	1.07283	1.08301	1.06740	1.07668	754210	1151847960000	4
2015.11.15	1.07366	1.07628	1.06166	1.06451	728822	1169431344000	6
2015.11.22	1.06372	1.06890	1.05657	1.05938	691941	1106524406000	7
2015.11.29	1.05887	1.09807	1.05222	1.08779	808995	1277493798000	2
2015.12.06	1.08681	1.10427	1.07958	1.09894	775048	1169925620000	7
2015.12.13	1.09801	1.10593	1.08023	1.08613	813414	1109525424000	7
2015.12.20	1.08511	1.09839	1.08457	1.09542	414093	525729500000	3
2015.12.27	1.09441	1.09922	1.08526	1.08609	332889	393294847000	7
2016.01.03	1.08696	1.09462	1.07104	1.09245	789395	1045801868000	7
2016.01.10	1.09171	1.09844	1.08046	1.09132	843872	1185031337000	5
2016.01.17	1.09206	1.09757	1.07770	1.07965	859880	1267134159000	4
2016.01.24	1.07886	1.09674	1.07886	1.08300	857963	1226975883000	7
2016.01.31	1.08297	1.12468	1.08142	1.11578	914283	1156926575000	7
2016.02.07	1.11415	1.13761	1.10862	1.12503	1112797	1570667151000	7
2016.02.14	1.12336	1.12495	1.10664	1.11279	823814	1162729462000	7
2016.02.21	1.11111	1.11244	1.09114	1.09289	805888	1346337448000	7
2016.02.28	1.09130	1.10430	1.08251	1.10064	805347	1294858673000	5
2016.03.06	1.09879	1.12177	1.08219	1.11462	732100	1138434791000	7
2016.03.13	1.11444	1.13422	1.10575	1.12688	703779	1038301145000	7
2016.03.20	1.12682	1.12844	1.11439	1.11613	474566	619871355000	7
2016.03.27	1.11599	1.14377	1.11527	1.13897	660864	1100120444000	7
2016.04.03	1.13994	1.14538	1.13262	1.13949	731689	1167671031000	7
2016.04.10	1.14138	1.14645	1.12335	1.12827	679931	1117963972000	7
2016.04.17	1.12998	1.13985	1.12154	1.12154	661726	928891644000	7
2016.04.24	1.12167	1.14590	1.12145	1.14504	690513	1005193577000	4
2016.05.01	1.14582	1.16159	1.13856	1.14009	714720	1006960940000	7
2016.05.08	1.13939	1.14462	1.12825	1.13088	595504	923758689000	7
2016.05.15	1.13098	1.13482	1.11796	1.12217	606041	975882437000	7
2016.05.22	1.12033	1.12426	1.11107	1.11130	574241	945429153000	7
2016.05.29	1.11125	1.13732	1.10707	1.13662	637599	1092489360000	7
2016.06.05	1.13542	1.14151	1.12450	1.12533	645488	1109201421000	7
2016.06.12	1.12478	1.13027	1.11307	1.12752	746001	1257713456000	7
2016.06.19	1.13308	1.14278	1.09113	1.10912	829120	1254982379000	7
2016.06.26	1.10024	1.11689	1.09705	1.11361	824124	1151508206000	7
2016.07.03	1.11245	1.11862	1.10016	1.10497	635295	948449105000	7
2016.07.10	1.10448	1.11644	1.10153	1.10244	683286	1159470478000	7
2016.07.17	1.10497	1.10839	1.09551	1.09747	575364	1001480969000	7
2016.07.24	1.09725	1.11972	1.09314	1.11743	580293	843704556000	7
2016.07.31	1.11715	1.12334	1.10453	1.10867	531328	633152185000	7
2016.08.07	1.10795	1.12209	1.10700	1.11634	503635	717601669000	7
2016.08.14	1.11659	1.13661	1.11530	1.13237	553397	701510710000	7
2016.08.21	1.13087	1.13548	1.11806	1.11856	521203	636044205000	7
2016.08.28	1.11823	1.12518	1.11227	1.11449	519827	568181727000	7
2016.09.04	1.11564	1.13266	1.11393	1.12235	550864	570112272000	7
2016.09.11	1.12304	1.12833	1.11492	1.11535	610953	710811979000	7
2016.09.18	1.11531	1.12569	1.11228	1.12149	564041	613511528000	7
2016.09.25	1.12290	1.12788	1.11531	1.12399	628079	698639644000	7
2016.10.02	1.12262	1.12439	1.11040	1.11931	692360	818381106000	7
2016.10.09	1.11810	1.12028	1.09699	1.09711	663885	730049018000	7
2016.10.16	1.09689	1.10388	1.08590	1.08736	557208	528473480000	7
2016.10.23	1.08801	1.09915	1.08507	1.09745	552779	461187947000	7
2016.10.30	1.09841	1.11405	1.09355	1.11375	589055	524553953000	7
2016.11.06	1.10616	1.12991	1.08301	1.08503	856770	769952179000	7
2016.11.13	1.08316	1.08403	1.05687	1.05826	830097	742663966000	7
2016.11.20	1.05915	1.06575	1.05176	1.05772	760860	651550339000	7
2016.11.27	1.06079	1.06896	1.05521	1.06538	745457	596530190000	7
2016.12.04	1.06171	1.08734	1.05044	1.05515	608947	399965566000	7
2016.12.11	1.05326	1.06698	1.03660	1.04401	659991	466309077000	7
2016.12.18	1.04374	1.04989	1.03519	1.04700	528018	444497638000	7
2016.12.25	1.04607	1.06522	1.03249	1.05068	478283	408342680000	7
2017.01.01	1.05100	1.06207	1.03399	1.05235	667689	565905926000	7
2017.01.08	1.05292	1.06844	1.04534	1.06420	775893	605416033000	7
2017.01.15	1.06023	1.07190	1.05789	1.06982	762890	628195585000	7
2017.01.22	1.07004	1.07745	1.06572	1.06968	714178	620828223000	7
2017.01.29	1.07023	1.08284	1.06200	1.07789	735461	648054137000	7
2017.02.05	1.07848	1.07906	1.06072	1.06377	634550	552315453000	7
2017.02.12	1.06276	1.06790	1.05210	1.06056	610060	547506040000	7
2017.02.19	1.06069	1.06326	1.04933	1.05513	569455	490297713000	7
2017.02.26	1.05622	1.06304	1.04946	1.06166	629942	560126465000	7
2017.03.05	1.06033	1.06988	1.05247	1.06712	600364	549991275000	7
2017.03.12	1.06832	1.07821	1.05995	1.07362	622371	554502597000	7
2017.03.19	1.07384	1.08245	1.07189	1.07957	584753	519252993000	7
2017.03.26	1.08316	1.09057	1.06462	1.06462	548814	507688407000	7
2017.04.02	1.06591	1.06887	1.05804	1.05884	512352	486033592000	7
2017.04.09	1.05876	1.06776	1.05698	1.06101	469808	0	50
2017.04.16	1.06109	1.07773	1.06028	1.07238	467631	229410266000	7
2017.04.23	1.08976	1.09506	1.08209	1.08979	589503	288751184667	0
2017.04.30	1.09101	1.09997	1.08750	1.09994	466988	12091721402	0
2017.05.07	1.10187	1.10217	1.08391	1.09315	519264	9886441989	0
2017.05.14	1.09300	1.12120	1.09226	1.12075	591844	8915013379	0
2017.05.21	1.11928	1.12684	1.11606	1.11777	583738	9207346659	0
2017.05.28	1.11688	1.12851	1.11095	1.12798	499931	6864864037	0
2017.06.04	1.12704	1.12841	1.11664	1.11965	615383	615353	0
2017.06.11	1.12065	1.12960	1.11321	1.11943	558944	558940	0
2017.06.18	1.12060	1.12129	1.11190	1.11923	412234	412230	0
2017.06.25	1.11969	1.14455	1.11717	1.14195	628096	628092	0
2017.07.02	1.14164	1.14398	1.13126	1.14000	500338	500334	0
2017.07.09	1.13954	1.14895	1.13706	1.14668	537086	537082	0
2017.07.16	1.14730	1.16828	1.14349	1.16620	620018	620014	0
2017.07.23	1.16624	1.17767	1.16125	1.17485	630393	630389	0
2017.07.30	1.17460	1.19102	1.17232	1.17711	610268	610264	0
2017.08.06	1.17727	1.18473	1.16890	1.18214	614197	614193	0
2017.08.13	1.18199	1.18384	1.16622	1.17594	764864	764860	0
2017.08.20	1.17556	1.19417	1.17311	1.19210	627789	627785	0
2017.08.27	1.19397	1.20704	1.18231	1.18622	864363	864360	0
2017.09.03	1.18835	1.20924	1.18683	1.20310	897315	897310	0
2017.09.10	1.20155	1.20296	1.18376	1.19457	774800	774796	0
2017.09.17	1.19205	1.20343	1.18613	1.19467	802859	802855	0
2017.09.24	1.18977	1.19366	1.17170	1.18110	775618	775614	0
2017.10.01	1.17882	1.18151	1.16693	1.17347	668304	668301	0
2017.10.08	1.17276	1.18798	1.17195	1.18214	614543	614539	0
2017.10.15	1.18104	1.18582	1.17301	1.17789	654443	654439	0
2017.10.22	1.17645	1.18368	1.15742	1.16074	749696	749692	0
2017.10.29	1.16057	1.16912	1.15938	1.16094	652014	652009	0
2017.11.05	1.16139	1.16780	1.15540	1.16637	563746	563742	0
2017.11.12	1.16561	1.18607	1.16374	1.17895	564092	564088	0
2017.11.19	1.17847	1.19445	1.17130	1.19319	516028	0	0
2017.11.26	1.19234	1.19612	1.18089	1.18988	740283	0	0
2017.12.03	1.18599	1.18787	1.17302	1.17726	580485	0	0
2017.12.10	1.17615	1.18625	1.17176	1.17499	540006	0	0
2017.12.17	1.17421	1.19018	1.17376	1.18611	543524	0	0
2017.12.24	1.18643	1.20255	1.18466	1.19957	306524	0	0
2017.12.31	1.20096	1.20890	1.20011	1.20290	395339	0	50
2018.01.07	1.20235	1.22186	1.19156	1.21950	680471	0	50
2018.01.14	1.21923	1.23231	1.21651	1.22191	852528	0	50
2018.01.21	1.22695	1.25378	1.22139	1.24288	1030802	0	50
2018.01.28	1.24230	1.25228	1.23349	1.24559	1078421	0	50
2018.02.04	1.24310	1.24750	1.22056	1.22518	1284096	0	50
2018.02.11	1.22482	1.25556	1.22351	1.24103	928157	0	50
2018.02.18	1.24016	1.24352	1.22594	1.22952	829601	0	0
2018.02.25	1.22936	1.23553	1.21546	1.23203	882468	0	0
2018.03.04	1.23274	1.24464	1.22690	1.23051	908818	0	0
2018.03.11	1.23092	1.24127	1.22601	1.22871	721922	0	0
2018.03.18	1.22805	1.23886	1.22397	1.23526	874240	0	0
2018.03.25	1.23470	1.24766	1.22840	1.23242	667169	0	0
2018.04.01	1.23205	1.23451	1.22149	1.22812	677765	0	0
2018.04.08	1.22840	1.23963	1.22603	1.23303	749606	0	0
2018.04.15	1.23300	1.24138	1.22498	1.22874	625211	0	0
2018.04.22	1.22700	1.22894	1.20554	1.21301	665336	0	0
2018.04.29	1.21225	1.21389	1.19108	1.19627	727472	0	0
2018.05.06	1.19515	1.19780	1.18226	1.19391	676480	0	0
2018.05.13	1.19380	1.19962	1.17498	1.17698	749548	0	0
2018.05.20	1.17678	1.18298	1.16456	1.16504	700131	0	0
2018.05.27	1.16848	1.17284	1.15101	1.16600	893462	0	0
2018.06.03	1.16560	1.18400	1.16525	1.17689	770927	0	0
2018.06.10	1.17740	1.18516	1.15433	1.16073	792402	0	0
2018.06.17	1.15862	1.16751	1.15081	1.16569	846656	0	0
2018.06.24	1.16620	1.17204	1.15273	1.16850	990683	0	0
2018.07.01	1.16730	1.17678	1.15914	1.17431	692061	0	0
2018.07.08	1.17510	1.17907	1.16130	1.16862	689913	0	0
2018.07.15	1.16871	1.17448	1.15750	1.17212	813049	0	0
2018.07.22	1.17249	1.17514	1.16202	1.16575	647096	0	0
2018.07.29	1.16570	1.17460	1.15602	1.15667	562834	0	0
2018.08.05	1.15668	1.16284	1.13880	1.14093	580770	0	0
2018.08.12	1.13709	1.14450	1.13010	1.14386	793882	0	0
2018.08.19	1.14373	1.16399	1.13944	1.16215	659451	0	0
2018.08.26	1.16140	1.17336	1.15846	1.16060	639113	0	0
2018.09.02	1.15950	1.16593	1.15301	1.15523	623956	0	0
2018.09.09	1.15480	1.17217	1.15258	1.16220	539900	0	0
2018.09.16	1.16230	1.18027	1.16179	1.17540	453340	0	0
2018.09.23	1.17417	1.18152	1.15698	1.16027	490917	0	0
2018.09.30	1.16169	1.16248	1.14634	1.15191	536139	0	0
2018.10.07	1.15210	1.16105	1.14323	1.15576	556500	0	0
2018.10.14	1.15370	1.16216	1.14330	1.15146	513116	0	0
2018.10.21	1.15150	1.15502	1.13357	1.14023	563570	0	0
2018.10.28	1.13918	1.14559	1.13022	1.13867	529600	0	0
2018.11.04	1.13869	1.14996	1.13162	1.13344	540047	0	0
2018.11.11	1.13178	1.14201	1.12155	1.14171	608807	0	0
2018.11.18	1.14128	1.14724	1.13273	1.13320	432925	0	0
2018.11.25	1.13399	1.14017	1.12672	1.13197	456802	0	0
2018.12.02	1.13491	1.14236	1.13105	1.14012	459209	0	0
2018.12.09	1.13903	1.14430	1.12699	1.13033	476863	0	0
2018.12.16	1.13068	1.14859	1.13029	1.13675	493774	0	0
2018.12.23	1.13693	1.14728	1.13429	1.14405	356660	0	0
2018.12.30	1.14328	1.14967	1.12982	1.13972	409656	0	0
2019.01.06	1.13948	1.15698	1.13946	1.14644	466795	0	0
2019.01.13	1.14578	1.14897	1.13532	1.13634	435205	0	0
2019.01.20	1.13600	1.14176	1.12894	1.14055	381961	0	0
2019.01.27	1.14003	1.15142	1.13901	1.14534	418643	0	0
2019.02.03	1.14507	1.14604	1.13212	1.13234	296981	0	0
2019.02.10	1.13188	1.13415	1.12341	1.12922	325430	0	0
2019.02.17	1.12918	1.13712	1.12756	1.13320	328426	0	0
2019.02.24	1.13338	1.14196	1.13278	1.13623	338524	0	0
2019.03.03	1.13823	1.13823	1.11762	1.12330	268549	0	0
2019.03.10	1.12308	1.13444	1.12219	1.13250	265410	0	0
2019.03.17	1.13202	1.14480	1.12733	1.13003	273202	0	0
2019.03.24	1.12885	1.13314	1.12099	1.12172	302296	0	0
2019.03.31	1.12248	1.12546	1.11837	1.12158	237803	0	0
2019.04.07	1.12141	1.13240	1.12103	1.12982	216714	0	0
2019.04.14	1.13035	1.13238	1.12262	1.12409	211326	0	0
2019.04.21	1.12398	1.12622	1.11125	1.11449	228077	0	0
2019.04.28	1.11448	1.12646	1.11350	1.12026	238038	0	0
2019.05.05	1.11709	1.12536	1.11659	1.12340	291745	0	0
2019.05.12	1.12298	1.12636	1.11552	1.11573	249766	0	0
2019.05.19	1.11598	1.12122	1.11071	1.12051	225606	0	0
2019.05.26	1.12090	1.12151	1.11161	1.11691	215125	0	0
2019.06.02	1.11598	1.13477	1.11598	1.13326	317387	0	0
2019.06.09	1.13220	1.13435	1.12026	1.12112	265481	0	0
2019.06.16	1.12094	1.13778	1.11813	1.13690	316873	0	0
2019.06.23	1.13699	1.14122	1.13443	1.13697	298352	0	0
2019.06.30	1.13595	1.13712	1.12074	1.12254	229288	0	0
2019.07.07	1.12221	1.12858	1.11934	1.12707	234413	0	0
2019.07.14	1.12662	1.12839	1.11998	1.12219	236008	0	0
2019.07.21	1.12149	1.12254	1.11014	1.11283	229163	0	0
2019.07.28	1.11238	1.11622	1.10269	1.11055	316944	0	0
2019.08.04	1.11039	1.12497	1.10983	1.12009	380524	0	0
2019.08.11	1.11978	1.12307	1.10663	1.10897	322619	0	0
2019.08.18	1.10919	1.11533	1.10518	1.11427	245300	0	0
2019.08.25	1.11498	1.11639	1.09633	1.09903	311728	0	0
2019.09.01	1.09889	1.10848	1.09264	1.10253	269882	0	0
2019.09.08	1.10228	1.11096	1.09269	1.10720	263995	0	0
2019.09.15	1.10731	1.10865	1.09904	1.10196	277774	0	0
2019.09.22	1.10113	1.10254	1.09046	1.09416	270192	0	0
2019.09.29	1.09418	1.09994	1.08792	1.09783	278709	0	0
2019.10.06	1.09797	1.10628	1.09410	1.10353	292078	0	0
2019.10.13	1.10315	1.11710	1.09913	1.11682	278929	0	0
2019.10.20	1.11607	1.11795	1.10732	1.10800	212051	0	0
2019.10.27	1.10795	1.11755	1.10736	1.11651	223363	0	0
2019.11.03	1.11680	1.11755	1.10168	1.10198	226482	0	0
2019.11.10	1.10222	1.10568	1.09890	1.10524	179292	0	0
2019.11.17	1.10477	1.10970	1.10146	1.10196	183268	0	0
2019.11.24	1.10161	1.10322	1.09812	1.10183	159447	0	0
2019.12.01	1.10227	1.11162	1.10030	1.10601	182504	0	0
2019.12.08	1.10492	1.11992	1.10492	1.11187	217677	0	0
2019.12.15	1.11247	1.11746	1.10663	1.10764	180819	0	0
2019.12.22	1.10767	1.11884	1.10692	1.11763	116562	0	0
2019.12.29	1.11709	1.12392	1.11250	1.11568	167233	0	0
2020.01.05	1.11577	1.12056	1.10850	1.11210	228793	0	0
2020.01.12	1.11106	1.11726	1.10863	1.10895	175489	0	0
2020.01.19	1.10901	1.11180	1.10198	1.10273	161247	0	0
2020.01.26	1.10302	1.10954	1.09924	1.10946	166320	0	0
2020.02.02	1.10932	1.10941	1.09420	1.09439	169098	0	0
2020.02.09	1.09444	1.09576	1.08274	1.08302	156884	0	0
2020.02.16	1.08371	1.08636	1.07778	1.08478	175655	0	0
2020.02.23	1.08129	1.10532	1.08052	1.10289	385734	0	0
2020.03.01	1.10428	1.13548	1.10363	1.12895	501775	0	0
2020.03.08	1.13469	1.14951	1.10552	1.11002	837316	0	0
2020.03.15	1.10635	1.12365	1.06378	1.06973	1021620	0	0
2020.03.22	1.07015	1.11472	1.06358	1.11391	843506	0	0
2020.03.29	1.11167	1.11441	1.07727	1.08075	630255	0	0
2020.04.05	1.08081	1.09525	1.07685	1.09306	409073	0	0
2020.04.12	1.09485	1.09908	1.08120	1.08712	375316	0	0
2020.04.19	1.08630	1.08968	1.07272	1.08261	318007	0	0
2020.04.26	1.08212	1.10188	1.08096	1.09806	301571	0	0
2020.05.03	1.09677	1.09737	1.07666	1.08384	292957	0	0
2020.05.10	1.08282	1.08966	1.07750	1.08190	284994	0	0
2020.05.17	1.08078	1.10083	1.07960	1.09032	254423	0	0
2020.05.24	1.08956	1.11451	1.08706	1.11007	327494	0	0
2020.05.31	1.11137	1.13838	1.11005	1.12900	445565	0	0
2020.06.07	1.12934	1.14226	1.12127	1.12596	529425	0	0
2020.06.14	1.12333	1.13534	1.11682	1.11777	546022	0	0
2020.06.21	1.11824	1.13488	1.11686	1.12185	447006	0	0
2020.06.28	1.12148	1.13027	1.11854	1.12474	374870	0	0
2020.07.05	1.12433	1.13708	1.12385	1.12990	391037	0	0
2020.07.12	1.13045	1.14521	1.13008	1.14246	381151	0	0
2020.07.19	1.14060	1.16583	1.14026	1.16556	578064	0	0
2020.07.26	1.16425	1.19088	1.16404	1.17735	688742	0	0
2020.08.02	1.17708	1.19160	1.16960	1.17868	622431	0	0
2020.08.09	1.17869	1.18642	1.17112	1.18404	554045	0	0
2020.08.16	1.18394	1.19658	1.17542	1.17956	545294	0	0
2020.08.23	1.17892	1.19199	1.17626	1.19063	580782	0	0
2020.08.30	1.18938	1.20115	1.17809	1.18379	630464	0	0
2020.09.06	1.18448	1.19174	1.17529	1.18446	542363	0	0
2020.09.13	1.18347	1.19006	1.17376	1.18426	491540	0	0
2020.09.20	1.18398	1.18717	1.16122	1.16307	558459	0	0
2020.09.27	1.16194	1.17698	1.16152	1.17162	537212	0	0
2020.10.04	1.17108	1.18309	1.17058	1.18302	417115	0	0
2020.10.11	1.18102	1.18268	1.16885	1.17147	358520	0	0
2020.10.18	1.17158	1.18808	1.17032	1.18614	369226	0	0
2020.10.25	1.18532	1.18599	1.16401	1.16454	387204	0	0
2020.11.01	1.16464	1.18911	1.16029	1.18752	557512	0	0
2020.11.08	1.18893	1.19201	1.17455	1.18325	496006	0	0
2020.11.15	1.18402	1.18938	1.18143	1.18580	338939	0	0
2020.11.22	1.18526	1.19637	1.17999	1.19609	318416	0	0
2020.11.29	1.19611	1.21776	1.19239	1.21209	415180	0	0
2020.12.06	1.21298	1.21663	1.20588	1.21138	417599	0	0
2020.12.13	1.21349	1.22728	1.21157	1.22550	359645	0	0
2020.12.20	1.22199	1.22570	1.21296	1.21808	324768	0	0
2020.12.27	1.21796	1.23101	1.21795	1.22168	271669	0	0
2021.01.03	1.22393	1.23495	1.21932	1.22193	567993	0	0
2021.01.10	1.22155	1.22228	1.20749	1.20757	458962	0	0
2021.01.17	1.20822	1.21897	1.20536	1.21713	379835	0	0
2021.01.24	1.21668	1.21834	1.20584	1.21367	497739	0	0
2021.01.31	1.21280	1.21366	1.19522	1.20489	391722	0	0
2021.02.07	1.20374	1.21495	1.20198	1.21182	311995	0	0
2021.02.14	1.21242	1.21694	1.20233	1.21172	325393	0	0
2021.02.21	1.21124	1.22429	1.20623	1.20736	518397	0	0
2021.02.28	1.20700	1.21132	1.18928	1.19102	508330	0	0
2021.03.07	1.19169	1.19900	1.18356	1.19518	450983	0	0
2021.03.14	1.19433	1.19889	1.18740	1.19061	375690	0	0
2021.03.21	1.18716	1.19468	1.17619	1.17929	362195	0	0
2021.03.28	1.17908	1.17938	1.17041	1.17623	282630	0	0
2021.04.04	1.17548	1.19274	1.17379	1.19012	283784	0	0
2021.04.11	1.18898	1.19948	1.18712	1.19822	312664	0	0
2021.04.18	1.19718	1.21000	1.19425	1.20975	230261	0	0
2021.04.25	1.20911	1.21500	1.20167	1.20215	208230	0	0
2021.05.02	1.20308	1.21714	1.19861	1.21635	192510	0	0
2021.05.09	1.21596	1.21818	1.20515	1.21458	248399	0	0
2021.05.16	1.21480	1.22453	1.21261	1.21803	226942	0	0
2021.05.23	1.21810	1.22664	1.21327	1.21930	230148	0	0
2021.05.30	1.22000	1.22544	1.21040	1.21666	200786	0	0
2021.06.06	1.21623	1.22180	1.20926	1.21079	183840	0	0
2021.06.13	1.21074	1.21441	1.18475	1.18616	235170	0	0
2021.06.20	1.18570	1.19753	1.18476	1.19362	247823	0	0
2021.06.27	1.19338	1.19446	1.18075	1.18664	236306	0	0
2021.07.04	1.18622	1.18950	1.17817	1.18773	245171	0	0
2021.07.11	1.18699	1.18802	1.17719	1.18053	233972	0	0
2021.07.18	1.18080	1.18304	1.17520	1.17722	242210	0	0
2021.07.25	1.17736	1.19086	1.17634	1.18696	223362	0	0
2021.08.01	1.18676	1.18997	1.17544	1.17604	185235	0	0
2021.08.08	1.17602	1.18047	1.17060	1.17952	160003	0	0
2021.08.15	1.17954	1.18010	1.16640	1.16999	189768	0	0
2021.08.22	1.16954	1.18024	1.16905	1.17965	180244	0	0
2021.08.29	1.17958	1.19090	1.17828	1.18784	183864	0	0
2021.09.05	1.18820	1.18864	1.18022	1.18104	197417	0	0
2021.09.12	1.18154	1.18458	1.17246	1.17260	214829	0	0
2021.09.19	1.17306	1.17556	1.16836	1.17206	227790	0	0
2021.09.26	1.17258	1.17258	1.15627	1.15932	264665	0	0
2021.10.03	1.15996	1.16401	1.15292	1.15746	223229	0	0
2021.10.10	1.15713	1.16244	1.15245	1.15992	204380	0	0
2021.10.17	1.15909	1.16695	1.15719	1.16441	215956	0	0
2021.10.24	1.16419	1.16922	1.15352	1.15637	241368	0	0
2021.10.31	1.15558	1.16165	1.15134	1.15675	237742	0	0
2021.11.07	1.15602	1.16089	1.14330	1.14438	227261	0	0
2021.11.14	1.14459	1.14639	1.12501	1.12820	251251	0	0
2021.11.21	1.12911	1.13308	1.11864	1.13087	273855	0	0
2021.11.28	1.13014	1.13829	1.12354	1.13100	312562	0	0
2021.12.05	1.13043	1.13549	1.12274	1.13168	227435	0	0
2021.12.12	1.13118	1.13604	1.12219	1.12353	227491	0	0
2021.12.19	1.12392	1.13435	1.12348	1.13206	185443	0	0
2021.12.26	1.13202	1.13864	1.12738	1.13847	151105	0	0
2022.01.02	1.13753	1.13784	1.12723	1.13613	224179	0	0
2022.01.09	1.13518	1.14829	1.12852	1.14164	234559	0	0
2022.01.16	1.14135	1.14344	1.13009	1.13427	233175	0	0
2022.01.23	1.13412	1.13451	1.11215	1.11487	269689	0	0
2022.01.30	1.11430	1.14839	1.11385	1.14496	275437	0	0
2022.02.06	1.14630	1.14949	1.13298	1.13466	281285	0	0
2022.02.13	1.13336	1.13960	1.12801	1.13229	299177	0	0
2022.02.20	1.13172	1.13904	1.11065	1.12718	360097	0	0
2022.02.27	1.11255	1.12466	1.08854	1.09334	436463	0	0
2022.03.06	1.09274	1.11214	1.08061	1.09123	494308	0	0
2022.03.13	1.09216	1.11376	1.09008	1.10507	388416	0	0
2022.03.20	1.10562	1.10701	1.09610	1.09834	318362	0	0
2022.03.27	1.09849	1.11849	1.09448	1.10488	398861	0	0
2022.04.03	1.10321	1.10545	1.08364	1.08765	306310	0	0
2022.04.10	1.09200	1.09333	1.07576	1.08090	308271	0	0
2022.04.17	1.08035	1.09363	1.07613	1.07969	330876	0	0
2022.04.24	1.08078	1.08138	1.04714	1.05427	433116	0	0
2022.05.01	1.05564	1.06420	1.04828	1.05446	426344	0	0
2022.05.08	1.05405	1.05926	1.03495	1.04074	461323	0	0
2022.05.15	1.04078	1.06072	1.03891	1.05621	385203	0	0
2022.05.22	1.05606	1.07650	1.05571	1.07312	355464	0	0
2022.05.29	1.07332	1.07870	1.06274	1.07188	332424	0	0
2022.06.05	1.07168	1.07740	1.05059	1.05190	374270	0	0
2022.06.12	1.05152	1.06014	1.03590	1.04953	568933	0	0
2022.06.19	1.04771	1.06056	1.04690	1.05554	426801	0	0
2022.06.26	1.05489	1.06149	1.03655	1.04246	439761	0	0
2022.07.03	1.04193	1.04628	1.00719	1.01854	419577	0	0
2022.07.10	1.01788	1.01850	0.99522	1.00875	478416	0	0
2022.07.17	1.00815	1.02780	1.00786	1.02143	407894	0	0
2022.07.24	1.02091	1.02578	1.00967	1.02265	410760	0	0
2022.07.31	1.02134	1.02939	1.01229	1.01781	418967	0	0
2022.08.07	1.01742	1.03686	1.01593	1.02589	330889	0	0
2022.08.14	1.02547	1.02683	1.00319	1.00411	350346	0	0
2022.08.21	1.00363	1.00899	0.99004	0.99650	379371	0	0
2022.08.28	0.99644	1.00791	0.99110	0.99564	421412	0	0
2022.09.04	0.99208	1.01133	0.98640	1.00406	414975	0	0
2022.09.11	1.01042	1.01978	0.99452	1.00142	417520	0	0
2022.09.18	1.00066	1.00506	0.96682	0.96885	450911	0	0
2022.09.25	0.96672	0.98540	0.95362	0.98010	631024	0	0
2022.10.02	0.97756	0.99996	0.97260	0.97407	482068	0	0
2022.10.09	0.97285	0.98086	0.96316	0.97241	457255	0	0
2022.10.16	0.97218	0.98758	0.97050	0.98611	453036	0	0
2022.10.23	0.98730	1.00938	0.98069	0.99658	473535	0	0
2022.10.30	0.99463	0.99758	0.97302	0.99581	434083	0	0
2022.11.06	0.99047	1.03642	0.99010	1.03528	495026	0	0
2022.11.13	1.03341	1.04815	1.02714	1.03225	496396	0	0
2022.11.20	1.03217	1.04486	1.02228	1.03935	355891	0	0
2022.11.27	1.03703	1.05450	1.02903	1.05405	458822	0	0
2022.12.04	1.05278	1.05949	1.04432	1.05349	421417	0	0
2022.12.11	1.05259	1.07366	1.05062	1.05856	411744	0	0
2022.12.18	1.05894	1.06594	1.05733	1.06160	372665	0	0
2022.12.25	1.06354	1.07132	1.06054	1.07007	242962	0	0
2023.01.01	1.06950	1.07092	1.04834	1.06437	348714	0	0
2023.01.08	1.06399	1.08680	1.06371	1.08330	374083	0	0
2023.01.15	1.08286	1.08876	1.07662	1.08562	355670	0	0
2023.01.22	1.08681	1.09296	1.08352	1.08688	303165	0	0
2023.01.29	1.08623	1.10329	1.07926	1.07940	345743	0	0
2023.02.05	1.07824	1.07990	1.06664	1.06772	332061	0	0
2023.02.12	1.06807	1.08041	1.06128	1.06937	345336	0	0
2023.02.19	1.06851	1.07047	1.05362	1.05458	319605	0	0
2023.02.26	1.05429	1.06914	1.05329	1.06341	334652	0	0
2023.03.05	1.06239	1.07006	1.05243	1.06395	345801	0	0
2023.03.12	1.06810	1.07599	1.05162	1.06647	497975	0	0
2023.03.19	1.06884	1.09300	1.06313	1.07587	360861	0	0
2023.03.26	1.07750	1.09263	1.07450	1.08415	279427	0	0
2023.04.02	1.08397	1.09733	1.07882	1.08986	239239	0	0
2023.04.09	1.08974	1.10759	1.08313	1.09942	245668	0	0
2023.04.16	1.09887	1.09998	1.09092	1.09894	247352	0	0
2023.04.23	1.09912	1.10954	1.09625	1.10165	281814	0	0
2023.04.30	1.10222	1.10920	1.09420	1.10185	280410	0	0
2023.05.07	1.10204	1.10537	1.08480	1.08496	234406	0	0
2023.05.14	1.08562	1.09047	1.07599	1.08059	227924	0	0
2023.05.21	1.08046	1.08314	1.07018	1.07251	249034	0	0
2023.05.28	1.07158	1.07790	1.06352	1.07073	228234	0	0
2023.06.04	1.07110	1.07871	1.06670	1.07491	215588	0	0
2023.06.11	1.07462	1.09708	1.07331	1.09421	242156	0	0
2023.06.18	1.09399	1.10123	1.08446	1.08954	244855	0	0
2023.06.25	1.09050	1.09768	1.08354	1.09098	250353	0	0
2023.07.02	1.09105	1.09733	1.08334	1.09681	231692	0	0
2023.07.09	1.09571	1.12448	1.09436	1.12253	268900	0	0
2023.07.16	1.12292	1.12757	1.11078	1.11254	272661	0	0
2023.07.23	1.11230	1.11498	1.09435	1.10161	312366	0	0
2023.07.30	1.10204	1.10458	1.09123	1.10099	306799	0	0
2023.08.06	1.10100	1.10650	1.09291	1.09466	261968	0	0
2023.08.13	1.09497	1.09602	1.08450	1.08688	299039	0	0
2023.08.20	1.08653	1.09304	1.07658	1.07941	268906	0	0
2023.08.27	1.07959	1.09454	1.07722	1.07735	263117	0	0
2023.09.03	1.07753	1.08089	1.06862	1.07005	223296	0	0
2023.09.10	1.07146	1.07685	1.06319	1.06611	251055	0	0
2023.09.17	1.06566	1.07368	1.06149	1.06459	232739	0	0
2023.09.24	1.06430	1.06557	1.04881	1.05732	258607	0	0
2023.10.01	1.05665	1.05999	1.04483	1.05845	282454	0	0
2023.10.08	1.05501	1.06399	1.04955	1.05089	278334	0	0
2023.10.15	1.05054	1.06167	1.05031	1.05948	265442	0	0
2023.10.22	1.05949	1.06942	1.05222	1.05659	245827	0	0
2023.10.29	1.05642	1.07468	1.05168	1.07266	258370	0	0
2023.11.05	1.07234	1.07564	1.06563	1.06846	227889	0	0
2023.11.12	1.06828	1.09142	1.06651	1.09136	233213	0	0
2023.11.19	1.09100	1.09653	1.08532	1.09373	213464	0	0
2023.11.26	1.09444	1.10172	1.08286	1.08840	270543	0	0
2023.12.03	1.08743	1.08950	1.07234	1.07617	292925	0	0
2023.12.10	1.07586	1.10092	1.07416	1.08939	288425	0	0
2023.12.17	1.08974	1.10402	1.08922	1.10137	260999	0	0
2023.12.24	1.10017	1.11394	1.10017	1.10372	158310	0	0
2023.12.31	1.10435	1.10446	1.08769	1.09415	227290	0	0
2024.01.07	1.09326	1.09976	1.09103	1.09504	268688	0	0
2024.01.14	1.09457	1.09674	1.08446	1.08970	260462	0	0
2024.01.21	1.08899	1.09324	1.08130	1.08549	283306	0	0
2024.01.28	1.08427	1.08975	1.07800	1.07877	338057	0	0
2024.02.04	1.07849	1.07952	1.07226	1.07854	286540	0	0
2024.02.11	1.07767	1.08057	1.06951	1.07763	256927	0	0
2024.02.18	1.07716	1.08885	1.07617	1.08209	266265	0	0
2024.02.25	1.08310	1.08660	1.07959	1.08401	285261	0	0
2024.03.03	1.08273	1.09812	1.08273	1.09377	300159	0	0
2024.03.10	1.09420	1.09639	1.08730	1.08866	361716	0	0
2024.03.17	1.08903	1.09426	1.08018	1.08081	347627	0	0
2024.03.24	1.08074	1.08644	1.07677	1.07924	279432	0	0
2024.03.31	1.07857	1.08766	1.07247	1.08367	314985	0	0
2024.04.07	1.08357	1.08851	1.06226	1.06401	349197	0	0
2024.04.14	1.06328	1.06901	1.06013	1.06561	422685	0	0
2024.04.21	1.06481	1.07530	1.06241	1.06925	329029	0	0
2024.04.28	1.06864	1.08128	1.06496	1.07638	368422	0	0
2024.05.05	1.07661	1.07909	1.07240	1.07692	247326	0	0
2024.05.12	1.07686	1.08951	1.07658	1.08690	256439	0	0
2024.05.19	1.08663	1.08846	1.08049	1.08461	263453	0	0
2024.05.26	1.08457	1.08891	1.07884	1.08485	274056	0	0
2024.06.02	1.08463	1.09162	1.07994	1.08019	326135	0	0
2024.06.09	1.07726	1.08524	1.06676	1.07058	361213	0	0
2024.06.16	1.07035	1.07615	1.06711	1.06920	316730	0	0
2024.06.23	1.06827	1.07465	1.06661	1.07139	335397	0	0
2024.06.30	1.07441	1.08427	1.07100	1.08390	295290	0	0
2024.07.07	1.08013	1.09114	1.08012	1.09061	298416	0	0
2024.07.14	1.08845	1.09482	1.08716	1.08824	327016	0	0
2024.07.21	1.08854	1.09028	1.08258	1.08554	329051	0	0
2024.07.28	1.08541	1.09267	1.07776	1.09105	394036	0	0
2024.08.04	1.09240	1.10089	1.08816	1.09156	520855	0	0
2024.08.11	1.09145	1.10474	1.09101	1.10286	294896	0	0
2024.08.18	1.10277	1.12010	1.10219	1.11920	316850	0	0
2024.08.25	1.11868	1.12018	1.10440	1.10480	327382	0	0
2024.09.01	1.10471	1.11555	1.10265	1.10858	340360	0	0
2024.09.08	1.10785	1.11019	1.10021	1.10744	307217	0	0
2024.09.15	1.10770	1.11889	1.10687	1.11629	333673	0	0
2024.09.22	1.11599	1.12141	1.10833	1.11632	315632	0	0
2024.09.29	1.11568	1.12089	1.09513	1.09745	326197	0	0
2024.10.06	1.09637	1.09972	1.09002	1.09366	262944	0	0
2024.10.13	1.09309	1.09367	1.08111	1.08675	224270	0	0
2024.10.20	1.08605	1.08717	1.07613	1.07959	220399	0	0
2024.10.27	1.07931	1.09058	1.07689	1.08337	269071	0	0
2024.11.03	1.08785	1.09373	1.06825	1.07189	365035	0	0
2024.11.10	1.07020	1.07280	1.04964	1.05357	326808	0	0
2024.11.17	1.05301	1.06098	1.05237	1.05490	147087	0	0
